path,r_1,r_1_angles,r_1_nfev
graphs/main/nodes_12/depth_3/0.gml,0.819107856283891,[-2.95665404  2.84710618],78
graphs/main/nodes_12/depth_3/1.gml,0.8275257730802765,[-2.95534699  2.84912265],69
graphs/main/nodes_12/depth_3/2.gml,0.7037037036964061,[-2.35668874  2.5109128 ],27
graphs/main/nodes_12/depth_3/3.gml,0.6999999999999967,[-2.35619464  2.53445036],21
graphs/main/nodes_12/depth_3/4.gml,0.7586206896549053,[-2.35619301  2.5326782 ],27
graphs/main/nodes_12/depth_3/5.gml,0.6893593059508487,[-1.33568581  2.3944798 ],39
graphs/main/nodes_12/depth_3/6.gml,0.8164312095121554,[2.95817448 1.8615254 ],63
graphs/main/nodes_12/depth_3/7.gml,0.8027166310486596,[-1.33938039  1.9919489 ],45
graphs/main/nodes_12/depth_3/8.gml,0.7969987167228384,[-1.76337193  2.00018974],75
graphs/main/nodes_12/depth_3/9.gml,0.8394923813871803,[-0.18230217  0.29463595],72
graphs/main/nodes_12/depth_3/10.gml,0.7399041071975914,[-1.73227063  2.65279897],36
graphs/main/nodes_12/depth_3/11.gml,0.7241379309497733,[-2.35623192  2.53547264],15
graphs/main/nodes_12/depth_3/12.gml,0.828673257607671,[-1.80119761  2.79536576],51
graphs/main/nodes_12/depth_3/13.gml,0.8451205918572838,[-1.78193006  2.72263091],45
graphs/main/nodes_12/depth_3/14.gml,0.7850545211366546,[-1.35628957 -1.9585416 ],183
graphs/main/nodes_12/depth_3/15.gml,0.7746117364239841,[-1.38335797 -0.40289183],90
graphs/main/nodes_12/depth_3/16.gml,0.8237414285990977,[-2.94845989  2.83853656],60
graphs/main/nodes_12/depth_3/17.gml,0.7435011545627374,[-1.83047687  2.75189041],39
graphs/main/nodes_12/depth_3/18.gml,0.7220903288575441,[-2.20243776  2.30909743],30
graphs/main/nodes_12/depth_3/19.gml,0.8084570962537709,[-1.77648794  2.72907074],45
graphs/main/nodes_12/depth_3/20.gml,0.713714240190602,[-1.32746716  2.35016631],48
graphs/main/nodes_12/depth_3/21.gml,0.8201566448517801,[ 0.17580084 -1.85194078],30
graphs/main/nodes_12/depth_3/22.gml,0.7637832571014688,[-1.39532808  1.93468124],33
graphs/main/nodes_12/depth_3/23.gml,0.84488031981491,[0.20869666 2.82658974],60
graphs/main/nodes_12/depth_3/24.gml,0.8336045612134829,[ 1.75947986 -0.33404551],93
graphs/main/nodes_12/depth_3/25.gml,0.8596694821047385,[ 0.16309681 -1.83853397],30
graphs/main/nodes_12/depth_3/26.gml,0.7462369351013857,[-1.77377687 -2.73353071],45
graphs/main/nodes_12/depth_3/27.gml,0.7311076645607949,[-1.40959901  2.05914758],33
graphs/main/nodes_12/depth_3/28.gml,0.7872861122531913,[-1.33757179  2.31455502],39
graphs/main/nodes_12/depth_3/29.gml,0.8574299572409336,[-2.97119996  1.29416614],51
graphs/main/nodes_12/depth_3/30.gml,0.7214752294018265,[-1.47320898  1.28995766],30
graphs/main/nodes_12/depth_3/31.gml,0.824318333810724,[-1.39818678  1.92272203],30
graphs/main/nodes_12/depth_3/32.gml,0.8284331266871114,[ 0.18596779 -1.8653281 ],30
graphs/main/nodes_12/depth_3/33.gml,0.8144197343649489,[-1.7699395   2.72722667],33
graphs/main/nodes_12/depth_3/34.gml,0.7016001191861835,[-1.35157458  0.84033107],36
graphs/main/nodes_12/depth_3/35.gml,0.8194396392050537,[ 0.17565511 -1.85007605],30
graphs/main/nodes_12/depth_3/36.gml,0.8540750812575423,[2.97251094 0.27214508],54
graphs/main/nodes_12/depth_3/37.gml,0.8412958002120997,[ 0.17443132 -1.85327262],27
graphs/main/nodes_12/depth_3/38.gml,0.7766833778173331,[-1.77321385 -1.92433843],42
graphs/main/nodes_12/depth_3/39.gml,0.855950945738958,[ 0.1810701 -1.8559136],30
graphs/main/nodes_12/depth_3/40.gml,0.7435517277855397,[-1.79086793 -2.34413087],33
graphs/main/nodes_12/depth_3/41.gml,0.7374638552224797,[-2.00936192 -1.8846676 ],42
graphs/main/nodes_12/depth_3/42.gml,0.8448312906717578,[ 0.18131063 -1.85600578],30
graphs/main/nodes_12/depth_3/43.gml,0.7616211903550512,[-1.37215714  0.89073323],42
graphs/main/nodes_12/depth_3/44.gml,0.8407785514660294,[-2.96661228  1.28858426],48
graphs/main/nodes_12/depth_3/45.gml,0.8345468509421098,[-2.96015992  2.85425148],45
graphs/main/nodes_12/depth_3/46.gml,0.7738024672166229,[-1.80246499 -2.36772238],33
graphs/main/nodes_12/depth_3/47.gml,0.7782365020386225,[-1.38271016  2.32035035],39
graphs/main/nodes_12/depth_3/48.gml,0.7293287979372789,[-1.69189332 -0.35845422],36
graphs/main/nodes_12/depth_3/49.gml,0.8084223028879285,[ 0.18146964 -1.86345884],27
graphs/main/nodes_12/depth_3/50.gml,0.7480794977360501,[-1.36671272  1.96821582],33
graphs/main/nodes_12/depth_3/51.gml,0.7241379310342166,[-0.78539618 -0.84396651],27
graphs/main/nodes_12/depth_3/52.gml,0.7178056114842062,[-1.41904021  2.63585993],39
graphs/main/nodes_12/depth_3/53.gml,0.7499999997130377,[-0.80948931  3.1412749 ],15
graphs/main/nodes_12/depth_3/54.gml,0.7601262927282791,[-1.3958636   1.19047883],33
graphs/main/nodes_12/depth_3/55.gml,0.8145291234259087,[-1.78616438 -1.95201932],36
graphs/main/nodes_12/depth_3/56.gml,0.7934422485140048,[-1.76350009  2.80503604],27
graphs/main/nodes_12/depth_3/57.gml,0.8656073281493466,[-2.98020243  2.88163243],90
graphs/main/nodes_12/depth_3/58.gml,0.8224839925347442,[-2.93846442  1.25355058],39
graphs/main/nodes_12/depth_3/59.gml,0.8207822267829437,[ 1.75641436 -1.18170894],33
graphs/main/nodes_12/depth_3/60.gml,0.8054205281322389,[-2.94268263  2.83364438],36
graphs/main/nodes_12/depth_3/61.gml,0.8139475853867613,[-2.95001067  1.26719332],51
graphs/main/nodes_12/depth_3/62.gml,0.8247993505397881,[ 0.18390077 -1.85886054],30
graphs/main/nodes_12/depth_3/63.gml,0.7672690213201416,[-1.35280263  2.00525037],33
graphs/main/nodes_12/depth_3/64.gml,0.8518328155647633,[-0.17684142 -2.85978224],243
graphs/main/nodes_12/depth_3/65.gml,0.8006633500792198,[ 0.18819166 -1.86920784],27
graphs/main/nodes_12/depth_3/66.gml,0.6906701696553037,[-1.43115266  1.97232645],30
graphs/main/nodes_12/depth_3/67.gml,0.8226915584567945,[ 0.19298917 -1.87074597],27
graphs/main/nodes_12/depth_3/68.gml,0.7335923252198425,[-0.97492294 -2.7922918 ],54
graphs/main/nodes_12/depth_3/69.gml,0.7575785652113842,[-2.9376777   1.25332212],39
graphs/main/nodes_12/depth_3/70.gml,0.8238976229420716,[-2.96461031  1.28482629],45
graphs/main/nodes_12/depth_3/71.gml,0.7828992998778094,[-1.79034312 -2.76696771],90
graphs/main/nodes_12/depth_3/72.gml,0.7746380377091926,[-1.35951611 -2.23886084],54
graphs/main/nodes_12/depth_3/73.gml,0.8455143846617237,[2.98255336 1.83240101],54
graphs/main/nodes_12/depth_3/74.gml,0.7834524333121409,[-1.33252927  2.01459704],27
graphs/main/nodes_12/depth_3/75.gml,0.757103556435794,[-1.79233115 -2.30797068],27
graphs/main/nodes_12/depth_3/76.gml,0.7068188255080569,[-1.79710405 -2.42287462],30
graphs/main/nodes_12/depth_3/77.gml,0.7785252159126901,[ 1.752859  -0.3277583],54
graphs/main/nodes_12/depth_3/78.gml,0.8572410321079121,[-2.96795785 -1.84324859],81
graphs/main/nodes_12/depth_3/79.gml,0.7920875370705786,[ 0.18560598 -1.86939412],27
graphs/main/nodes_12/depth_3/80.gml,0.832694081626802,[ 0.17870764 -1.85562775],30
graphs/main/nodes_12/depth_3/81.gml,0.7621804934678289,[-1.39735225  1.21089272],33
graphs/main/nodes_12/depth_3/82.gml,0.7291666666665703,[ 2.35619516 -0.66369971],27
graphs/main/nodes_12/depth_3/83.gml,0.7129933753590094,[ 1.78168055 -0.86770612],30
graphs/main/nodes_12/depth_3/84.gml,0.7908461268854035,[ 1.79376937 -0.59858518],27
graphs/main/nodes_12/depth_3/85.gml,0.8211939182484045,[-1.39899541  1.87633268],33
graphs/main/nodes_12/depth_3/86.gml,0.8355632973261763,[ 0.17920731 -1.85953567],27
graphs/main/nodes_12/depth_3/87.gml,0.8306430379564808,[-0.177945   -2.85981973],81
graphs/main/nodes_12/depth_3/88.gml,0.7398123725191951,[1.14981731 1.08348005],33
graphs/main/nodes_12/depth_3/89.gml,0.6814419847801795,[-1.40744896  0.95547819],36
graphs/main/nodes_12/depth_3/90.gml,0.7259845575912278,[-1.49266603  2.95668949],30
graphs/main/nodes_12/depth_3/91.gml,0.8187170998617774,[ 0.18147015 -1.84915188],30
graphs/main/nodes_12/depth_3/92.gml,0.7628894085767282,[-2.23812503  2.37492446],63
graphs/main/nodes_12/depth_3/93.gml,0.8300905765476648,[ 0.20463533 -1.88347499],27
graphs/main/nodes_12/depth_3/94.gml,0.7549267206266983,[-1.80167759 -2.3770691 ],30
graphs/main/nodes_12/depth_3/95.gml,0.6455546601410502,[-1.42105425  1.14911002],30
graphs/main/nodes_12/depth_3/96.gml,0.778938066301266,[-1.75220101 -0.31347362],33
graphs/main/nodes_12/depth_3/97.gml,0.774980815590124,[-1.38075695  1.23813462],90
graphs/main/nodes_12/depth_3/98.gml,0.8103612538039776,[-1.39738529 -2.79007699],27
graphs/main/nodes_12/depth_3/99.gml,0.7251414708488215,[-1.81727756 -0.77935858],39
graphs/main/nodes_12/depth_3/100.gml,0.7719308672899491,[ 1.36993041 -1.9896342 ],42
graphs/main/nodes_12/depth_3/101.gml,0.789461257065609,[-1.75614018  0.37664091],33
graphs/main/nodes_12/depth_3/102.gml,0.7145668301521232,[-1.99050075 -1.98548002],30
graphs/main/nodes_12/depth_3/103.gml,0.7455340501980997,[-1.79098147 -0.38643813],48
graphs/main/nodes_12/depth_3/104.gml,0.7719614610832926,[-1.75568307 -0.41401137],33
graphs/main/nodes_12/depth_3/105.gml,0.8427465144158643,[-1.39101152 -1.24778504],90
graphs/main/nodes_12/depth_3/106.gml,0.7820242061725279,[-2.95161939  1.26840953],51
graphs/main/nodes_12/depth_3/107.gml,0.7823773105955176,[-1.78202655 -2.36034737],30
graphs/main/nodes_12/depth_3/108.gml,0.8420711937514113,[ 0.17450778 -1.85466275],24
graphs/main/nodes_12/depth_3/109.gml,0.8441021717853252,[ 0.17546781 -1.8571879 ],27
graphs/main/nodes_12/depth_3/110.gml,0.829214941882436,[-2.93613686  2.83136932],36
graphs/main/nodes_12/depth_3/111.gml,0.8059702132329097,[ 0.17966473 -1.86026935],30
graphs/main/nodes_12/depth_3/112.gml,0.7724110876291111,[-1.36172258  2.733996  ],81
graphs/main/nodes_12/depth_3/113.gml,0.7307240272388574,[-1.90108436 -2.48751596],39
graphs/main/nodes_12/depth_3/114.gml,0.8096422247429093,[-2.93694856  1.26607854],63
graphs/main/nodes_12/depth_3/115.gml,0.7134542874796707,[1.37498299 0.35026479],45
graphs/main/nodes_12/depth_3/116.gml,0.8047051881519494,[-2.96051881 -1.85866781],54
graphs/main/nodes_12/depth_3/117.gml,0.7413793103418328,[ 0.78538088 -2.94607728],21
graphs/main/nodes_12/depth_3/118.gml,0.7189355634631656,[-1.35130757  2.51268486],48
graphs/main/nodes_12/depth_3/119.gml,0.730811991759262,[-1.36614554 -2.45479986],33
graphs/main/nodes_12/depth_3/120.gml,0.7269263598744642,[-2.00947408 -2.73969923],36
graphs/main/nodes_12/depth_3/121.gml,0.8418747662878635,[ 0.17405067 -1.85432445],27
graphs/main/nodes_12/depth_3/122.gml,0.7432067914764747,[-1.8487106  -0.44960001],36
graphs/main/nodes_12/depth_3/123.gml,0.8548137394691838,[-2.96383921  1.28455904],45
graphs/main/nodes_12/depth_3/124.gml,0.739079585157366,[-1.4463149  -2.74214572],66
graphs/main/nodes_12/depth_3/125.gml,0.6858250310100706,[-1.44803011  2.78503046],30
graphs/main/nodes_12/depth_3/126.gml,0.6799999999998657,[-2.35619566 -1.37188809],24
graphs/main/nodes_12/depth_3/127.gml,0.8516639153146686,[-2.95673022  1.27489489],45
graphs/main/nodes_12/depth_3/128.gml,0.789718460381007,[-1.78206973 -1.95294804],36
graphs/main/nodes_12/depth_3/129.gml,0.8343964158201458,[2.97634608 0.27339032],87
graphs/main/nodes_12/depth_3/130.gml,0.8027078443421719,[1.35726163 0.8199558 ],30
graphs/main/nodes_12/depth_3/131.gml,0.8178917305734419,[2.97384431 1.84721012],51
graphs/main/nodes_12/depth_3/132.gml,0.7635365522523393,[1.33708876 0.78676837],33
graphs/main/nodes_12/depth_3/133.gml,0.8459932949111421,[-2.96107682 -1.85904241],60
graphs/main/nodes_12/depth_3/134.gml,0.7569907135031939,[ 1.79786849 -0.7838705 ],27
graphs/main/nodes_12/depth_3/135.gml,0.7413793103445828,[-2.35619302 -2.13626245],27
graphs/main/nodes_12/depth_3/136.gml,0.8365379509354111,[ 2.97531914 -1.29401037],60
graphs/main/nodes_12/depth_3/137.gml,0.8183124673804608,[-1.75951288  2.73534626],33
graphs/main/nodes_12/depth_3/138.gml,0.730769230767308,[-2.35621636  0.11530321],33
graphs/main/nodes_12/depth_3/139.gml,0.8437615751693102,[-2.95059986  1.2713841 ],42
graphs/main/nodes_12/depth_3/140.gml,0.7599999999682774,[2.35614716 0.12261934],24
graphs/main/nodes_12/depth_3/141.gml,0.8271126548231851,[-2.97133273  2.86562761],42
graphs/main/nodes_12/depth_3/142.gml,0.8395727557120731,[-0.17717971 -2.86397179],39
graphs/main/nodes_12/depth_3/143.gml,0.7482484654090182,[-1.80369455  0.42734614],36
graphs/main/nodes_12/depth_3/144.gml,0.8685305623414359,[-2.96923117  1.29430773],45
graphs/main/nodes_12/depth_3/145.gml,0.782741186247352,[-1.36553714 -1.14818955],123
graphs/main/nodes_12/depth_3/146.gml,0.7993963851281805,[-0.1871941  -2.84561988],78
graphs/main/nodes_12/depth_3/147.gml,0.7585744592538848,[-1.35234171 -0.70272986],54
graphs/main/nodes_12/depth_3/148.gml,0.7641269527300191,[-1.76214312 -0.69781047],45
graphs/main/nodes_12/depth_3/149.gml,0.8627197071036073,[-2.96362522  2.8604122 ],45
graphs/main/nodes_12/depth_3/150.gml,0.8400793011003559,[-2.96800321  2.86048488],42
graphs/main/nodes_12/depth_3/151.gml,0.8256737658576858,[2.94715015 0.30528883],63
graphs/main/nodes_12/depth_3/152.gml,0.8144153108090196,[1.3549652  0.81179701],30
graphs/main/nodes_12/depth_3/153.gml,0.8020967269398248,[0.18878541 2.84120761],90
graphs/main/nodes_12/depth_3/154.gml,0.8233817491325168,[ 2.98763434 -2.88529788],33
graphs/main/nodes_12/depth_3/155.gml,0.8718918677198697,[ 2.97631259 -1.30117263],105
graphs/main/nodes_12/depth_3/156.gml,0.7713371052557703,[-1.76589065  1.93408365],48
graphs/main/nodes_12/depth_3/157.gml,0.7649548356297403,[ 1.79067887 -0.75280226],30
graphs/main/nodes_12/depth_3/158.gml,0.8522673932967971,[-2.96555661  1.2869575 ],42
graphs/main/nodes_12/depth_3/159.gml,0.8460882063346369,[-2.97380738  1.29489512],57
graphs/main/nodes_12/depth_3/160.gml,0.8078239918701076,[-1.39381253 -2.76386244],27
graphs/main/nodes_12/depth_3/161.gml,0.7115384615342019,[-2.35622719  0.11470061],33
graphs/main/nodes_12/depth_3/162.gml,0.8474064817493482,[1.39957357 1.18141783],33
graphs/main/nodes_12/depth_3/163.gml,0.8299698835649311,[-2.94911916  1.27542953],39
graphs/main/nodes_12/depth_3/164.gml,0.7542506786651965,[-1.75179414 -0.72772483],36
graphs/main/nodes_12/depth_3/165.gml,0.8245817446076428,[-2.97229703  1.2980094 ],39
graphs/main/nodes_12/depth_3/166.gml,0.8229110659466604,[0.20262692 2.83702962],51
graphs/main/nodes_12/depth_3/167.gml,0.8070579047998699,[-2.96091752  1.2794423 ],45
graphs/main/nodes_12/depth_3/168.gml,0.7763909349298018,[-0.18932276 -2.84826645],63
graphs/main/nodes_12/depth_3/169.gml,0.7227846384299551,[ 1.77931737 -1.00808486],33
graphs/main/nodes_12/depth_3/170.gml,0.8159004704542281,[1.36284393 0.35470943],48
graphs/main/nodes_12/depth_3/171.gml,0.8413597688812527,[ 1.35011668 -2.02906898],81
graphs/main/nodes_12/depth_3/172.gml,0.7931034482732916,[-2.35622008  0.06910426],36
graphs/main/nodes_12/depth_3/173.gml,0.7405354839677286,[1.40106999 0.34332154],63
graphs/main/nodes_12/depth_3/174.gml,0.8028342117651317,[-1.36969333 -2.72568077],27
graphs/main/nodes_12/depth_3/175.gml,0.7193281043055605,[-1.36232932 -2.77159237],27
graphs/main/nodes_12/depth_3/176.gml,0.8501703135610603,[-2.9673537   1.29104042],39
graphs/main/nodes_12/depth_3/177.gml,0.7666452122959156,[ 1.38107157 -1.96679212],36
graphs/main/nodes_12/depth_3/178.gml,0.8154527815960354,[-1.75821465 -0.40681105],30
graphs/main/nodes_12/depth_3/179.gml,0.781287551728849,[-1.35057445 -2.40136152],42
graphs/main/nodes_12/depth_3/180.gml,0.7975248583083084,[-1.76737171 -0.63350968],30
graphs/main/nodes_12/depth_3/181.gml,0.6964285714268217,[ 2.35621005 -1.68416755],27
graphs/main/nodes_12/depth_3/182.gml,0.7666666666666638,[ 2.35619347 -1.66307481],30
graphs/main/nodes_12/depth_3/183.gml,0.8534189660357614,[-0.2078498  -2.83204464],60
graphs/main/nodes_12/depth_3/184.gml,0.7678571428571163,[-0.78539767 -1.03073185],21
graphs/main/nodes_12/depth_3/185.gml,0.7735231683506909,[ 1.7485037  -1.19676906],90
graphs/main/nodes_12/depth_3/186.gml,0.8463501093949028,[-0.16836592 -2.86537587],78
graphs/main/nodes_12/depth_3/187.gml,0.8207036727131418,[-1.76577298 -1.94853233],117
graphs/main/nodes_12/depth_3/188.gml,0.660139624452064,[ 0.94729552 -0.04970659],57
graphs/main/nodes_12/depth_3/189.gml,0.7393327558671077,[ 1.80156805 -0.39716237],30
graphs/main/nodes_12/depth_3/190.gml,0.7678571428563659,[ 0.7854008  -2.91635621],15
graphs/main/nodes_12/depth_3/191.gml,0.7055407664812287,[-1.75035711 -0.54795159],33
graphs/main/nodes_12/depth_3/192.gml,0.7760663245261118,[1.75965275 1.94434056],30
graphs/main/nodes_12/depth_3/193.gml,0.7590266731114385,[1.36985609 1.15052969],30
graphs/main/nodes_12/depth_3/194.gml,0.8095636327420543,[ 2.96933916 -2.86343366],27
graphs/main/nodes_12/depth_3/195.gml,0.7430284794391161,[-1.68065151 -0.33221054],33
graphs/main/nodes_12/depth_3/196.gml,0.8106999428535614,[-1.3595612  -2.29974133],48
graphs/main/nodes_12/depth_3/197.gml,0.7961852640820943,[ 1.75874408 -1.16677694],54
graphs/main/nodes_12/depth_3/198.gml,0.7640461579955907,[ 1.79213024 -1.16137154],30
graphs/main/nodes_12/depth_3/199.gml,0.7698965143908237,[-1.73122851  0.3487645 ],39
graphs/main/nodes_12/depth_3/200.gml,0.8451911908726875,[ 2.95057986 -2.84070318],54
graphs/main/nodes_12/depth_3/201.gml,0.7506718867854225,[-1.77983241  0.38334503],54
graphs/main/nodes_12/depth_3/202.gml,0.8062071066004901,[0.18924371 1.27747209],63
graphs/main/nodes_12/depth_3/203.gml,0.722222222154033,[ 0.7845041  -3.06008752],36
graphs/main/nodes_12/depth_3/204.gml,0.7460047690620091,[ 1.83057594 -0.86054009],42
graphs/main/nodes_12/depth_3/205.gml,0.7368309964830131,[-1.7758019 -0.408049 ],33
graphs/main/nodes_12/depth_3/206.gml,0.7657222111162963,[-1.7625906   0.36389933],36
graphs/main/nodes_12/depth_3/207.gml,0.774193548386898,[-2.35620586  0.07675388],45
graphs/main/nodes_12/depth_3/208.gml,0.8003972738052688,[-1.33909077 -2.7556651 ],24
graphs/main/nodes_12/depth_3/209.gml,0.7628563144993025,[ 1.40152758 -0.34418593],30
graphs/main/nodes_12/depth_3/210.gml,0.7566399918331937,[-1.35780195 -2.74311324],27
graphs/main/nodes_12/depth_3/211.gml,0.7678096851705374,[-1.76343369 -0.38258519],66
graphs/main/nodes_12/depth_3/212.gml,0.8648267704015773,[ 2.98328879 -2.87785963],33
graphs/main/nodes_12/depth_3/213.gml,0.7737595391989399,[-1.77864601 -0.68433178],39
graphs/main/nodes_12/depth_3/214.gml,0.8110387856240278,[-0.18113685  0.28258287],84
graphs/main/nodes_12/depth_3/215.gml,0.8319564160329976,[ 2.9458786  -2.84217862],24
graphs/main/nodes_12/depth_3/216.gml,0.8272826890834879,[1.38341007 1.25269322],30
graphs/main/nodes_12/depth_3/217.gml,0.8020163026652716,[-2.95266873  1.27030895],87
graphs/main/nodes_12/depth_3/218.gml,0.8360334152705664,[ 2.96102464 -2.85211712],81
graphs/main/nodes_12/depth_3/219.gml,0.7354978081800602,[ 1.80212398 -0.89773316],42
graphs/main/nodes_12/depth_3/220.gml,0.811553533105183,[1.3925946  0.96280968],36
graphs/main/nodes_12/depth_3/221.gml,0.7434114254670461,[-1.34904357 -2.76770681],24
graphs/main/nodes_12/depth_3/222.gml,0.7068965516656651,[-0.78488281 -1.03307051],39
graphs/main/nodes_12/depth_3/223.gml,0.7746495774416188,[-1.78517193 -2.3650953 ],36
graphs/main/nodes_12/depth_3/224.gml,0.7529975285911491,[ 1.79211575 -0.67320126],48
graphs/main/nodes_12/depth_3/225.gml,0.8485110077929938,[ 2.91997512 -2.81879927],24
graphs/main/nodes_12/depth_3/226.gml,0.8046830189528228,[-1.81050067 -2.01235653],27
graphs/main/nodes_12/depth_3/227.gml,0.7724701245969712,[-1.38412235  2.78380028],66
graphs/main/nodes_12/depth_3/228.gml,0.7539156730013625,[-1.37364172  2.73738333],84
graphs/main/nodes_12/depth_3/229.gml,0.8309254560745298,[0.18728606 1.27303819],69
graphs/main/nodes_12/depth_3/230.gml,0.7328417728079685,[ 1.38261666 -0.88347349],63
graphs/main/nodes_12/depth_3/231.gml,0.8497958155909662,[0.20209324 2.83488102],45
graphs/main/nodes_12/depth_3/232.gml,0.7556306894713118,[-1.3929828  -0.49555864],36
graphs/main/nodes_12/depth_3/233.gml,0.7292172426612339,[-1.69577896 -0.3817026 ],24
graphs/main/nodes_12/depth_3/234.gml,0.7296052002159648,[ 1.3940996  -0.44785692],36
graphs/main/nodes_12/depth_3/235.gml,0.7241379310330751,[ 0.78538031 -3.01353956],24
graphs/main/nodes_12/depth_3/236.gml,0.7886675308113706,[1.36890158 0.42625247],42
graphs/main/nodes_12/depth_3/237.gml,0.7857902712743,[-1.3495615  -2.35626403],30
graphs/main/nodes_12/depth_3/238.gml,0.8143326013219936,[ 2.96568587 -2.85537578],30
graphs/main/nodes_12/depth_3/239.gml,0.7199999999998943,[0.78539996 0.71718945],30
graphs/main/nodes_12/depth_3/240.gml,0.875607917038094,[0.15179291 1.31878898],96
graphs/main/nodes_12/depth_3/241.gml,0.7584602820424412,[ 1.39388172 -1.0065086 ],45
graphs/main/nodes_12/depth_3/242.gml,0.8280897688311591,[ 2.9707933  -2.86387237],30
graphs/main/nodes_12/depth_3/243.gml,0.7407407407397597,[ 0.78540201 -2.99852636],18
graphs/main/nodes_12/depth_3/244.gml,0.7349759630354161,[ 2.06157234 -2.79188054],75
graphs/main/nodes_12/depth_3/245.gml,0.7417307801201395,[1.45366795 1.21203618],42
graphs/main/nodes_12/depth_3/246.gml,0.822604891688068,[-0.20465961 -1.25229068],33
graphs/main/nodes_12/depth_3/247.gml,0.8473997510802088,[2.98158306 0.26488205],72
graphs/main/nodes_12/depth_3/248.gml,0.853763889561202,[ 2.96152044 -2.86034967],84
graphs/main/nodes_12/depth_3/249.gml,0.7782039184412896,[1.37105479 0.36519706],93
graphs/main/nodes_12/depth_3/250.gml,0.8135486834997601,[0.18853961 2.85127438],60
graphs/main/nodes_12/depth_3/251.gml,0.7241379310343216,[-0.78539647 -1.01941999],27
graphs/main/nodes_12/depth_3/252.gml,0.6964285712142623,[ 0.78465911 -3.10453654],36
graphs/main/nodes_12/depth_3/253.gml,0.8699840765036828,[-0.19634627  1.87348457],93
graphs/main/nodes_12/depth_3/254.gml,0.8005537040212046,[-2.95354647 -1.86989473],42
graphs/main/nodes_12/depth_3/255.gml,0.8292829697673673,[-2.96511723 -0.27940853],66
graphs/main/nodes_12/depth_3/256.gml,0.8512683275696086,[-0.19164963  0.29360673],57
graphs/main/nodes_12/depth_3/257.gml,0.6650486667866511,[ 1.28230536 -0.86492578],39
graphs/main/nodes_12/depth_3/258.gml,0.7740247038072522,[-1.80125393 -0.43788362],24
graphs/main/nodes_12/depth_3/259.gml,0.7994302668583635,[ 1.40312075 -0.33870973],27
graphs/main/nodes_12/depth_3/260.gml,0.7584650562354788,[1.35113131 0.43651041],63
graphs/main/nodes_12/depth_3/261.gml,0.7194772166076798,[-1.38745979 -1.92746873],36
graphs/main/nodes_12/depth_3/262.gml,0.748838702908064,[1.35734916 1.17020798],24
graphs/main/nodes_12/depth_3/263.gml,0.7189562831430353,[1.32586107 1.20161592],27
graphs/main/nodes_12/depth_3/264.gml,0.789357793633034,[-1.77098533 -0.39544318],42
graphs/main/nodes_12/depth_3/265.gml,0.7669817122914084,[-1.36687337 -0.85049129],39
graphs/main/nodes_12/depth_3/266.gml,0.8591251137827424,[-2.97051529 -0.27981793],57
graphs/main/nodes_12/depth_3/267.gml,0.701674581291189,[ 1.41001609 -0.4285622 ],24
graphs/main/nodes_12/depth_3/268.gml,0.8065183259154034,[-2.96112603  1.2821585 ],60
graphs/main/nodes_12/depth_3/269.gml,0.8300583446283687,[ 2.94790715 -2.84469074],30
graphs/main/nodes_12/depth_3/270.gml,0.6999999999969978,[ 0.78536895 -3.02566446],27
graphs/main/nodes_12/depth_3/271.gml,0.7299568886944107,[-1.35288391 -0.76818408],54
graphs/main/nodes_12/depth_3/272.gml,0.7499999999999719,[-0.78539849 -1.0152717 ],18
graphs/main/nodes_12/depth_3/273.gml,0.8420158038838848,[ 2.97557061 -2.87115058],21
graphs/main/nodes_12/depth_3/274.gml,0.6896551724125909,[-0.785391   -1.25953767],42
graphs/main/nodes_12/depth_3/275.gml,0.8330421921902798,[-2.96259405 -0.28414246],69
graphs/main/nodes_12/depth_3/276.gml,0.766454701074277,[-1.75976862 -0.82068543],66
graphs/main/nodes_12/depth_3/277.gml,0.7425786224348345,[ 0.86193479 -2.34863281],45
graphs/main/nodes_12/depth_3/278.gml,0.7998692455165627,[-1.7715699  -2.29666827],45
graphs/main/nodes_12/depth_3/279.gml,0.8316879752301782,[-0.1634057  -1.30142104],42
graphs/main/nodes_12/depth_3/280.gml,0.6994843686799103,[-1.43420549 -0.42816942],30
graphs/main/nodes_12/depth_3/281.gml,0.8180750889575288,[-2.98306736  1.30911052],54
graphs/main/nodes_12/depth_3/282.gml,0.729580943403558,[1.11907766 1.21259461],21
graphs/main/nodes_12/depth_3/283.gml,0.7985326502490384,[ 1.34453698 -0.7387841 ],33
graphs/main/nodes_12/depth_3/284.gml,0.8221376102341962,[ 2.95312254 -2.85355615],27
graphs/main/nodes_12/depth_3/285.gml,0.7483516478111373,[-1.37645825 -2.16499273],33
graphs/main/nodes_12/depth_3/286.gml,0.7147460290552708,[ 2.03193202 -1.7813632 ],36
graphs/main/nodes_12/depth_3/287.gml,0.7691552085147508,[ 1.36265187 -0.61015391],30
graphs/main/nodes_12/depth_3/288.gml,0.7840477767708643,[1.37582277 0.38784694],45
graphs/main/nodes_12/depth_3/289.gml,0.6964285714270891,[ 0.78426324 -3.04608394],42
graphs/main/nodes_12/depth_3/290.gml,0.8502176368935895,[ 2.96342535 -2.86593406],30
graphs/main/nodes_12/depth_3/291.gml,0.7208132847466582,[-1.21169528  0.62160696],45
graphs/main/nodes_12/depth_3/292.gml,0.8077065309422143,[ 1.39318716 -2.75917151],27
graphs/main/nodes_12/depth_3/293.gml,0.8382959008574374,[ 2.94344354 -2.83347893],24
graphs/main/nodes_12/depth_3/294.gml,0.7971587548091164,[ 1.78708257 -2.42184434],66
graphs/main/nodes_12/depth_3/295.gml,0.7586206896551717,[ 0.78539802 -2.95016323],18
graphs/main/nodes_12/depth_3/296.gml,0.8301193436028794,[0.18775546 2.84549962],123
graphs/main/nodes_12/depth_3/297.gml,0.6874999999999915,[0.78539863 0.0748328 ],24
graphs/main/nodes_12/depth_3/298.gml,0.8543887962968708,[ 2.99280399 -2.89024639],33
graphs/main/nodes_12/depth_3/299.gml,0.8537929473312227,[ 2.98512127 -2.87908773],24
graphs/main/nodes_12/depth_3/300.gml,0.8592534642749305,[ 2.97058865 -2.86238341],30
graphs/main/nodes_12/depth_3/301.gml,0.8277367157753274,[-1.40382878 -1.9158466 ],30
graphs/main/nodes_12/depth_3/302.gml,0.815205398464031,[-2.95944494 -1.85914774],39
graphs/main/nodes_12/depth_3/303.gml,0.7199999999993518,[ 0.7854033  -3.09178737],27
graphs/main/nodes_12/depth_3/304.gml,0.8625698982919278,[ 2.97408837 -2.87422253],30
graphs/main/nodes_12/depth_3/305.gml,0.8221767666845774,[-1.7743535  -0.41281513],33
graphs/main/nodes_12/depth_3/306.gml,0.7308512084872718,[-1.3923838  -1.87274457],33
graphs/main/nodes_12/depth_3/307.gml,0.6911545130240953,[ 1.01223886 -0.26572373],33
graphs/main/nodes_12/depth_3/308.gml,0.7713482330185897,[ 1.35036782 -0.81005045],39
graphs/main/nodes_12/depth_3/309.gml,0.861798682339266,[ 2.96539287 -2.86386629],21
graphs/main/nodes_12/depth_3/310.gml,0.8339618431161269,[ 0.17939791 -1.85635906],45
graphs/main/nodes_12/depth_3/311.gml,0.8230793032247425,[-2.94749471  2.84042717],75
graphs/main/nodes_12/depth_3/312.gml,0.7666666666564813,[ 2.35614239 -1.65508404],18
graphs/main/nodes_12/depth_3/313.gml,0.8120292177329937,[-2.9494058  -0.30021163],72
graphs/main/nodes_12/depth_3/314.gml,0.829451451428305,[-2.98012604 -1.83552289],99
graphs/main/nodes_12/depth_3/315.gml,0.7464000851228095,[-1.38380081 -0.60289841],66
graphs/main/nodes_12/depth_3/316.gml,0.7467720925406538,[1.38899761 0.36461951],54
graphs/main/nodes_12/depth_3/317.gml,0.7941175668305599,[-1.78861357 -2.00305883],45
graphs/main/nodes_12/depth_3/318.gml,0.8014331230122701,[ 2.94574395 -2.83877562],21
graphs/main/nodes_12/depth_3/319.gml,0.734118185100013,[1.35071881 0.7636794 ],30
graphs/main/nodes_12/depth_3/320.gml,0.8121332858868566,[ 0.20080063 -0.30517805],27
graphs/main/nodes_12/depth_3/321.gml,0.7430850904642731,[ 2.24729891 -0.74413021],51
graphs/main/nodes_12/depth_3/322.gml,0.7003128511200432,[-1.79674665 -2.28759945],30
graphs/main/nodes_12/depth_3/323.gml,0.6957086494819772,[ 1.37344644 -0.98174585],66
graphs/main/nodes_12/depth_3/324.gml,0.8484106137251514,[ 2.98047736 -2.87528751],33
graphs/main/nodes_12/depth_3/325.gml,0.837882178401339,[ 2.9642402  -2.86654809],30
graphs/main/nodes_12/depth_3/326.gml,0.7673781174891073,[1.35215907 1.13590304],30
graphs/main/nodes_12/depth_3/327.gml,0.7668773864926385,[1.35979227 0.76925449],33
graphs/main/nodes_12/depth_3/328.gml,0.8065681256574848,[ 0.21144527 -0.32801425],33
graphs/main/nodes_12/depth_3/329.gml,0.7241379310337179,[-2.35618996 -1.98295277],36
graphs/main/nodes_12/depth_3/330.gml,0.80529690792112,[-0.18740697 -1.27754552],45
graphs/main/nodes_12/depth_3/331.gml,0.8313031097499628,[-0.1879327  -1.27243392],42
graphs/main/nodes_12/depth_3/332.gml,0.7678286524592031,[-1.79346933 -2.34218861],30
graphs/main/nodes_12/depth_3/333.gml,0.8209075116290852,[ 1.37628647 -0.37872064],24
graphs/main/nodes_12/depth_3/334.gml,0.7499999999998406,[ 0.78540044 -1.7112815 ],21
graphs/main/nodes_12/depth_3/335.gml,0.759259259259225,[-0.78539895 -1.03701316],24
graphs/main/nodes_12/depth_3/336.gml,0.7460962188230476,[ 1.35175103 -0.79604089],36
graphs/main/nodes_12/depth_3/337.gml,0.7974709706669432,[ 2.96363896 -2.85181115],24
graphs/main/nodes_12/depth_3/338.gml,0.7868809800696993,[ 2.94810245 -2.83297007],24
graphs/main/nodes_12/depth_3/339.gml,0.7037163505508629,[ 0.94047878 -2.81004438],27
graphs/main/nodes_12/depth_3/340.gml,0.7419680887405589,[ 1.33071285 -0.8238728 ],33
graphs/main/nodes_12/depth_3/341.gml,0.7087654040314554,[ 1.26928064 -0.79106183],42
graphs/main/nodes_12/depth_3/342.gml,0.797204132803336,[-1.40784221  2.80818303],39
graphs/main/nodes_12/depth_3/343.gml,0.7813574903933717,[ 1.37573331 -0.617524  ],33
graphs/main/nodes_12/depth_3/344.gml,0.7407109484284997,[-1.34804028 -2.74020131],54
graphs/main/nodes_12/depth_3/345.gml,0.7500000007160549,[ 2.33561806 -3.13902994],30
graphs/main/nodes_12/depth_3/346.gml,0.758620689654935,[-2.35619204 -2.94699275],27
graphs/main/nodes_12/depth_3/347.gml,0.7475197421368739,[ 2.92861002 -2.82632884],24
graphs/main/nodes_12/depth_3/348.gml,0.6411127202220709,[ 2.19070501 -1.93854462],48
graphs/main/nodes_12/depth_3/349.gml,0.8231263622391077,[ 2.96443471 -2.85664908],30
graphs/main/nodes_12/depth_3/350.gml,0.7448969002095431,[-1.81106312 -0.77043723],39
graphs/main/nodes_12/depth_3/351.gml,0.8590648533681245,[ 2.9786522 -2.8749913],21
graphs/main/nodes_12/depth_3/352.gml,0.7205392776720501,[ 1.35071089 -0.7860698 ],27
graphs/main/nodes_12/depth_3/353.gml,0.790137510700095,[1.34735158 0.80160266],27
graphs/main/nodes_12/depth_3/354.gml,0.8309586092223347,[ 1.34957398 -0.45899037],24
graphs/main/nodes_12/depth_3/355.gml,0.8396223504469796,[-0.18871709 -1.27817149],36
graphs/main/nodes_12/depth_3/356.gml,0.7432036949302383,[-1.93582363 -0.14774268],27
graphs/main/nodes_12/depth_3/357.gml,0.7799031031217717,[-1.40919206 -1.90172134],33
graphs/main/nodes_12/depth_3/358.gml,0.7650815012479073,[1.17791361 1.21329355],27
graphs/main/nodes_12/depth_3/359.gml,0.848877691658328,[ 0.18274417 -1.8617714 ],48
graphs/main/nodes_12/depth_3/360.gml,0.8031437422074352,[1.35856648 1.11477235],30
graphs/main/nodes_12/depth_3/361.gml,0.7333333333332813,[-0.78539715 -1.0509503 ],24
graphs/main/nodes_12/depth_3/362.gml,0.8117573722342394,[-1.38723783 -1.96086021],27
graphs/main/nodes_12/depth_3/363.gml,0.7821048572444435,[ 1.92045063 -0.76775504],42
graphs/main/nodes_12/depth_3/364.gml,0.8247282495484669,[ 0.20274694 -0.30510984],27
graphs/main/nodes_12/depth_3/365.gml,0.7305086700018625,[ 1.37958093 -0.86047801],36
graphs/main/nodes_12/depth_3/366.gml,0.7432639920200791,[-1.38707416 -0.81465911],36
graphs/main/nodes_12/depth_3/367.gml,0.686344522159061,[-1.42548886 -1.13532279],48
graphs/main/nodes_12/depth_3/368.gml,0.7526402309540885,[ 1.3603296  -0.96427695],54
graphs/main/nodes_12/depth_3/369.gml,0.7848869780066036,[ 1.3663082  -2.75410276],24
graphs/main/nodes_12/depth_3/370.gml,0.7549760165757888,[-1.26722534 -1.98338421],33
graphs/main/nodes_12/depth_3/371.gml,0.7787485042902209,[-1.39992778  2.79557637],33
graphs/main/nodes_12/depth_3/372.gml,0.6827935920525311,[-1.97165056  2.12564159],60
graphs/main/nodes_12/depth_3/373.gml,0.7407407407404569,[ 0.78539471 -2.83806964],24
graphs/main/nodes_12/depth_3/374.gml,0.7719338585008789,[ 2.95382497 -2.84345761],27
graphs/main/nodes_12/depth_3/375.gml,0.6786067825554696,[-0.87443534 -1.78677813],51
graphs/main/nodes_12/depth_3/376.gml,0.8385394151455013,[ 1.39178584 -0.33628335],24
graphs/main/nodes_12/depth_3/377.gml,0.8184757417688118,[ 0.18383638 -1.86518553],42
graphs/main/nodes_12/depth_3/378.gml,0.8185737131607869,[-2.96768293 -1.84980804],45
graphs/main/nodes_12/depth_3/379.gml,0.8114672604453166,[-0.17433663 -1.28894759],45
graphs/main/nodes_12/depth_3/380.gml,0.6851851851850941,[ 0.78539908 -2.68589788],27
graphs/main/nodes_12/depth_3/381.gml,0.7981624333931763,[-1.80373341 -0.43019874],30
graphs/main/nodes_12/depth_3/382.gml,0.6980457058981184,[ 1.2027213  -0.41466916],45
graphs/main/nodes_12/depth_3/383.gml,0.7166679331104397,[-2.32164901 -1.94199429],21
graphs/main/nodes_12/depth_3/384.gml,0.7777737953564962,[-1.36035262 -2.39477581],54
graphs/main/nodes_12/depth_3/385.gml,0.8547156530219864,[-2.94816464 -0.29707185],36
graphs/main/nodes_12/depth_3/386.gml,0.815966975048949,[2.95762325 0.29024849],141
graphs/main/nodes_12/depth_3/387.gml,0.7553845466131485,[-1.34791899 -2.35240819],54
graphs/main/nodes_12/depth_3/388.gml,0.7183041453174426,[-1.78851469 -0.8748004 ],51
graphs/main/nodes_12/depth_3/389.gml,0.8174394030077272,[-2.96690326 -0.27708169],45
graphs/main/nodes_12/depth_3/390.gml,0.819212712191576,[ 0.18466903 -1.86489183],45
graphs/main/nodes_12/depth_3/391.gml,0.722953074972674,[-1.75214275 -2.07504462],33
graphs/main/nodes_12/depth_3/392.gml,0.8086728613494155,[ 2.95202355 -2.84551749],27
graphs/main/nodes_12/depth_3/393.gml,0.799984620638812,[ 2.97245278 -2.86542289],21
graphs/main/nodes_12/depth_3/394.gml,0.7787180609432052,[ 1.76278247 -1.18483309],60
graphs/main/nodes_12/depth_3/395.gml,0.7005231857163886,[-1.41929888 -1.99697066],27
graphs/main/nodes_12/depth_3/396.gml,0.8327389019377043,[-2.95320283 -1.87053277],42
graphs/main/nodes_12/depth_3/397.gml,0.8343230493573115,[ 2.93483382 -2.82372693],21
graphs/main/nodes_12/depth_3/398.gml,0.7610524421441944,[-1.35392875 -2.36066161],39
graphs/main/nodes_12/depth_3/399.gml,0.7277978242063021,[ 1.35886072 -0.38274214],24
graphs/main/nodes_12/depth_3/400.gml,0.8517899048357207,[ 2.96524806 -1.28908367],51
graphs/main/nodes_12/depth_3/401.gml,0.8503947812955513,[ 2.97537532 -2.87505301],21
graphs/main/nodes_12/depth_3/402.gml,0.821672730690277,[-0.17536301  0.28334583],45
graphs/main/nodes_12/depth_3/403.gml,0.8128935392733868,[-1.798556    0.80545112],45
graphs/main/nodes_12/depth_3/404.gml,0.8054673297750606,[1.36142914 0.42940722],48
graphs/main/nodes_12/depth_3/405.gml,0.8601059942404761,[-2.96593912 -1.84818904],42
graphs/main/nodes_12/depth_3/406.gml,0.7225283074268398,[ 1.010682   -0.46469158],39
graphs/main/nodes_12/depth_3/407.gml,0.867474962436239,[ 2.98902663 -2.88538043],24
graphs/main/nodes_12/depth_3/408.gml,0.708333333333333,[-0.78539814  2.39981057],24
graphs/main/nodes_12/depth_3/409.gml,0.74072743565762,[-1.94050095 -2.53793351],24
graphs/main/nodes_12/depth_3/410.gml,0.8170815467746912,[ 2.96876049 -2.86625006],21
graphs/main/nodes_12/depth_3/411.gml,0.7817107530528877,[1.37222012 0.37202407],60
graphs/main/nodes_12/depth_3/412.gml,0.7147604072898849,[ 2.10256017 -0.37048652],42
graphs/main/nodes_12/depth_3/413.gml,0.8659922648591417,[-0.18122014 -1.2849586 ],102
graphs/main/nodes_12/depth_3/414.gml,0.8424450112087076,[ 2.95161654 -1.27390126],42
graphs/main/nodes_12/depth_3/415.gml,0.8135502083830781,[-2.94121254 -1.87709149],39
graphs/main/nodes_12/depth_3/416.gml,0.7792851503540645,[1.38033237 1.14890788],27
graphs/main/nodes_12/depth_3/417.gml,0.8029166020792056,[-1.81110424 -2.72663881],36
graphs/main/nodes_12/depth_3/418.gml,0.7199999999999462,[-0.78539883 -2.02838818],21
graphs/main/nodes_12/depth_3/419.gml,0.8917021107962364,[ 2.98559568 -2.88289526],30
graphs/main/nodes_12/depth_3/420.gml,0.7600188408207997,[1.36388707 1.17559387],33
graphs/main/nodes_12/depth_3/421.gml,0.7810243213207679,[-1.79660639 -2.40564508],30
graphs/main/nodes_12/depth_3/422.gml,0.8394328760083902,[ 2.95357521 -1.27765987],48
graphs/main/nodes_12/depth_3/423.gml,0.7661895468375233,[1.36390055 1.15441622],27
graphs/main/nodes_12/depth_3/424.gml,0.7477544758910012,[-1.76058675  2.27452459],57
graphs/main/nodes_12/depth_3/425.gml,0.8598434712595757,[-2.95532177 -1.86077442],45
graphs/main/nodes_12/depth_3/426.gml,0.7244481633676466,[ 1.37393294 -1.93052358],36
graphs/main/nodes_12/depth_3/427.gml,0.687709978952064,[-1.74228063  2.64420349],54
graphs/main/nodes_12/depth_3/428.gml,0.7407407406143499,[ 0.78643241 -0.05122979],39
graphs/main/nodes_12/depth_3/429.gml,0.7413793101639313,[-0.78456697 -1.04067924],36
graphs/main/nodes_12/depth_3/430.gml,0.7855689512034026,[1.35176073 0.40670055],78
graphs/main/nodes_12/depth_3/431.gml,0.732142857142491,[ 0.78539658 -2.72977488],21
graphs/main/nodes_12/depth_3/432.gml,0.8612853069765583,[0.15564092 2.88373899],57
graphs/main/nodes_12/depth_3/433.gml,0.741544345957181,[-1.34053652 -1.15666931],51
graphs/main/nodes_12/depth_3/434.gml,0.700471136881167,[-1.41940593 -2.02630695],27
graphs/main/nodes_12/depth_3/435.gml,0.8156970054708766,[ 1.38171881 -1.97557094],81
graphs/main/nodes_12/depth_3/436.gml,0.824572779921607,[-2.96277594 -1.85831927],42
graphs/main/nodes_12/depth_3/437.gml,0.8047910231825722,[-1.76967002 -2.02996148],30
graphs/main/nodes_12/depth_3/438.gml,0.7419354838709579,[-0.7853979  2.4001823],21
graphs/main/nodes_12/depth_3/439.gml,0.8162564621208647,[-2.95935486 -1.86085949],72
graphs/main/nodes_12/depth_3/440.gml,0.7321428571428569,[ 0.7853983  -2.87363525],27
graphs/main/nodes_12/depth_3/441.gml,0.8601367511271041,[ 2.9775621  -2.87320631],21
graphs/main/nodes_12/depth_3/442.gml,0.8427888246393913,[1.36244661 0.47983169],36
graphs/main/nodes_12/depth_3/443.gml,0.7068965517237878,[ 2.35619187 -1.24424576],27
graphs/main/nodes_12/depth_3/444.gml,0.7209654344052111,[ 1.12684948 -2.02764083],36
graphs/main/nodes_12/depth_3/445.gml,0.770887356429158,[-1.76673286 -0.84360513],39
graphs/main/nodes_12/depth_3/446.gml,0.7321428571428317,[-0.78539768 -1.04947349],21
graphs/main/nodes_12/depth_3/447.gml,0.7652478922903004,[1.35236517 2.39472859],48
graphs/main/nodes_12/depth_3/448.gml,0.7306968801750996,[-1.77052145 -1.00048692],54
graphs/main/nodes_12/depth_3/449.gml,0.7407407407407357,[-0.78539795  2.40019514],15
graphs/main/nodes_12/depth_3/450.gml,0.7491637274400907,[-1.37252696 -2.27952194],90
graphs/main/nodes_12/depth_3/451.gml,0.7981598634766763,[ 2.95419046 -2.84633821],21
graphs/main/nodes_12/depth_3/452.gml,0.7083333333333276,[-0.78539859 -1.63917699],21
graphs/main/nodes_12/depth_3/453.gml,0.7930659190838922,[-1.76032476 -0.3865353 ],30
graphs/main/nodes_12/depth_3/454.gml,0.7701592886907866,[-1.75667638 -0.36320956],33
graphs/main/nodes_12/depth_3/455.gml,0.8412959393561431,[ 2.96715429 -2.85904149],24
graphs/main/nodes_12/depth_3/456.gml,0.7531155152694884,[-1.66549873 -1.31023816],24
graphs/main/nodes_12/depth_3/457.gml,0.8383108202722731,[ 2.96452741 -2.86443539],21
graphs/main/nodes_12/depth_3/458.gml,0.7863150818286798,[1.36028817 0.44163784],51
graphs/main/nodes_12/depth_3/459.gml,0.7368302440964859,[-1.78095148  2.27763206],39
graphs/main/nodes_12/depth_3/460.gml,0.7657146007637388,[ 1.3838734  -2.75016323],27
graphs/main/nodes_12/depth_3/461.gml,0.6981947155721421,[1.23611933 2.08550031],45
graphs/main/nodes_12/depth_3/462.gml,0.7723515233738459,[-1.79139906 -2.29868428],39
graphs/main/nodes_12/depth_3/463.gml,0.7068965528747005,[0.79368753 1.57323475],45
graphs/main/nodes_12/depth_3/464.gml,0.7990330686957924,[-1.77264403 -0.70170991],45
graphs/main/nodes_12/depth_3/465.gml,0.7589717642959322,[ 1.11779099 -0.24086712],33
graphs/main/nodes_12/depth_3/466.gml,0.7341894499205606,[-1.66103994 -1.32505578],30
graphs/main/nodes_12/depth_3/467.gml,0.830966591547274,[-1.74716367 -0.31515494],36
graphs/main/nodes_12/depth_3/468.gml,0.7748442243967325,[ 1.37733227 -0.35905587],51
graphs/main/nodes_12/depth_3/469.gml,0.7938670335928848,[-1.74697593 -2.77207785],39
graphs/main/nodes_12/depth_3/470.gml,0.8048926715789629,[-1.71297751 -1.28580087],27
graphs/main/nodes_12/depth_3/471.gml,0.7763757531748244,[1.37115265 0.76591911],33
graphs/main/nodes_12/depth_3/472.gml,0.7311285577421842,[0.90072552 1.30516043],45
graphs/main/nodes_12/depth_3/473.gml,0.7472001013909283,[-1.91371334 -2.52203504],21
graphs/main/nodes_12/depth_3/474.gml,0.7643960118683558,[ 1.35236837 -0.75738002],33
graphs/main/nodes_12/depth_3/475.gml,0.713577168292837,[-1.96263506 -2.74689314],27
graphs/main/nodes_12/depth_3/476.gml,0.7712401724447935,[-1.95946209 -0.60792453],33
graphs/main/nodes_12/depth_3/477.gml,0.7187499999992804,[-0.78540725 -1.70446272],24
graphs/main/nodes_12/depth_3/478.gml,0.7332313694512741,[ 1.78399491 -0.84784135],102
graphs/main/nodes_12/depth_3/479.gml,0.7470763361752009,[-1.73930485 -2.84650447],30
graphs/main/nodes_12/depth_3/480.gml,0.7307693548561366,[ 0.83961315 -0.03130979],54
graphs/main/nodes_12/depth_3/481.gml,0.7448413795890604,[ 1.07532968 -2.68267461],27
graphs/main/nodes_12/depth_3/482.gml,0.7352025398284994,[-1.77944277 -0.71236602],48
graphs/main/nodes_12/depth_3/483.gml,0.8567853602133544,[-2.96885404 -1.8436638 ],45
graphs/main/nodes_12/depth_3/484.gml,0.8360974849679822,[-1.76666739 -2.68973927],69
graphs/main/nodes_12/depth_3/485.gml,0.792860261019365,[-1.78310591 -2.30893539],33
graphs/main/nodes_12/depth_3/486.gml,0.8722901019100601,[ 2.93758938 -2.84078315],21
graphs/main/nodes_12/depth_3/487.gml,0.7294766360316076,[ 1.11701583 -2.74328838],27
graphs/main/nodes_12/depth_3/488.gml,0.7822214035134182,[ 1.35691143 -1.15179608],30
graphs/main/nodes_12/depth_3/489.gml,0.7856568384298527,[ 1.35846815 -2.37262483],33
graphs/main/nodes_12/depth_3/490.gml,0.7119534880432171,[ 1.33516531 -0.40334482],39
graphs/main/nodes_12/depth_3/491.gml,0.7762883548354135,[-1.80369343 -2.39509914],30
graphs/main/nodes_12/depth_3/492.gml,0.7364112294523553,[-1.80477541 -2.42054134],27
graphs/main/nodes_12/depth_3/493.gml,0.7374931399286545,[-1.23675204  2.20410343],39
graphs/main/nodes_12/depth_3/494.gml,0.8183357587229494,[ 1.38445569 -1.98375973],42
graphs/main/nodes_12/depth_3/495.gml,0.78219419215893,[ 1.37771418 -2.77991674],24
graphs/main/nodes_12/depth_3/496.gml,0.6896574511080898,[-1.38184684 -0.99377898],57
graphs/main/nodes_12/depth_3/497.gml,0.7346891571910573,[1.31554617 2.33969309],60
graphs/main/nodes_12/depth_3/498.gml,0.8274841411828942,[ 2.94534693 -2.83331305],21
graphs/main/nodes_12/depth_3/499.gml,0.7591958645817916,[-1.7838077  -2.34848161],33
graphs/main/nodes_12/depth_3/500.gml,0.7461156040301523,[-1.76168668 -2.17301688],45
graphs/main/nodes_12/depth_3/501.gml,0.754993141542715,[-1.77343111 -2.4836464 ],42
graphs/main/nodes_12/depth_3/502.gml,0.7904412937184069,[-1.78181261  2.68857735],45
graphs/main/nodes_12/depth_3/503.gml,0.8357515089795454,[-1.7495049  -0.31851877],33
graphs/main/nodes_12/depth_3/504.gml,0.8167209539976107,[-0.21293638 -1.24179631],51
graphs/main/nodes_12/depth_3/505.gml,0.7747271279025557,[ 1.35955226 -1.98610449],45
graphs/main/nodes_12/depth_3/506.gml,0.791829087804801,[ 1.36214659 -2.65310068],90
graphs/main/nodes_12/depth_3/507.gml,0.8034050950612971,[-1.34310211  2.04459287],39
graphs/main/nodes_12/depth_3/508.gml,0.8477221089149338,[-1.72382708 -2.85738051],30
graphs/main/nodes_12/depth_3/509.gml,0.7298403979623175,[-1.7441992  -0.33899084],39
graphs/main/nodes_12/depth_3/510.gml,0.7231717903530196,[-1.81862966 -0.40630742],30
graphs/main/nodes_12/depth_3/511.gml,0.859757919397404,[ 2.97891773 -2.87468729],21
graphs/main/nodes_12/depth_3/512.gml,0.770532335751929,[ 1.36574181 -0.40622207],45
graphs/main/nodes_12/depth_3/513.gml,0.7908360295924304,[1.34023723 1.10895418],36
graphs/main/nodes_12/depth_3/514.gml,0.6931941060629209,[-1.7298888  -2.69204156],30
graphs/main/nodes_12/depth_3/515.gml,0.703703703703703,[2.35619461 2.31841646],24
graphs/main/nodes_12/depth_3/516.gml,0.7429434880391592,[-1.39549663  1.9328286 ],96
graphs/main/nodes_12/depth_3/517.gml,0.7760277548421604,[ 0.19041504 -1.87603986],120
graphs/main/nodes_12/depth_3/518.gml,0.7960577967017964,[-1.73458615 -1.89979134],36
graphs/main/nodes_12/depth_3/519.gml,0.7834576439316935,[ 1.37272992 -2.66772959],30
graphs/main/nodes_12/depth_3/520.gml,0.7249734334316698,[-1.32611564 -0.74366184],39
graphs/main/nodes_12/depth_3/521.gml,0.7068965517241375,[-0.78539823  2.40019676],18
graphs/main/nodes_12/depth_3/522.gml,0.7306180745954509,[ 1.73135171 -0.70636212],42
graphs/main/nodes_12/depth_3/523.gml,0.8133770261184279,[ 2.94220403 -1.26494906],54
graphs/main/nodes_12/depth_3/524.gml,0.7321428571428409,[-0.78539859  2.40018329],18
graphs/main/nodes_12/depth_3/525.gml,0.7901721401988521,[1.3819008  1.20366741],27
graphs/main/nodes_12/depth_3/526.gml,0.7131823907233439,[-1.8379392  -2.30172585],24
graphs/main/nodes_12/depth_3/527.gml,0.7414564016453624,[-1.85183495 -0.78130385],39
graphs/main/nodes_12/depth_3/528.gml,0.8264736674291525,[-1.40933377 -1.2823187 ],27
graphs/main/nodes_12/depth_3/529.gml,0.7796220358895722,[-1.72433389 -2.69287746],27
graphs/main/nodes_12/depth_3/530.gml,0.8039136494419233,[ 1.76166962 -1.19905501],51
graphs/main/nodes_12/depth_3/531.gml,0.7636795357048469,[1.34896393 2.36627295],30
graphs/main/nodes_12/depth_3/532.gml,0.7336133955447962,[ 1.34388855 -2.30563165],30
graphs/main/nodes_12/depth_3/533.gml,0.7753466701981019,[ 1.35392658 -0.72049798],39
graphs/main/nodes_12/depth_3/534.gml,0.8514001477486194,[-2.96585804 -0.28124388],87
graphs/main/nodes_12/depth_3/535.gml,0.751859344913225,[1.75328323 0.69618302],87
graphs/main/nodes_12/depth_3/536.gml,0.7653207088454433,[2.22846741 2.3736304 ],48
graphs/main/nodes_12/depth_3/537.gml,0.7592592592592415,[-0.78539793  2.40020031],18
graphs/main/nodes_12/depth_3/538.gml,0.7298331103118404,[ 0.90083063 -1.98062695],42
graphs/main/nodes_12/depth_3/539.gml,0.7413793103439441,[-2.35619087 -2.2856458 ],33
graphs/main/nodes_12/depth_3/540.gml,0.7719772491880492,[-1.37737273  1.96409244],117
graphs/main/nodes_12/depth_3/541.gml,0.7802327521312266,[-1.79663524 -0.79010202],30
graphs/main/nodes_12/depth_3/542.gml,0.7517459402976813,[-1.34040569 -1.99927489],36
graphs/main/nodes_12/depth_3/543.gml,0.8494753126371708,[-1.75020392  2.73242926],30
graphs/main/nodes_12/depth_3/544.gml,0.8284769241977088,[-1.74423467 -1.17771265],27
graphs/main/nodes_12/depth_3/545.gml,0.7713195493133728,[ 1.35115019 -2.36272567],57
graphs/main/nodes_12/depth_3/546.gml,0.6923770749075778,[2.02394919 0.28466936],45
graphs/main/nodes_12/depth_3/547.gml,0.7241379310344461,[-0.78539765  2.40018667],18
graphs/main/nodes_12/depth_3/548.gml,0.8036509651334685,[-1.76187026 -2.73711903],72
graphs/main/nodes_12/depth_3/549.gml,0.6795945848116508,[-1.00320838 -1.79084231],27
graphs/main/nodes_12/depth_3/550.gml,0.702444824372022,[-1.97949406 -2.74391365],33
graphs/main/nodes_12/depth_3/551.gml,0.7241379310343035,[-2.35619657 -0.44333264],24
graphs/main/nodes_12/depth_3/552.gml,0.7686860685419435,[-1.38613983 -1.94200583],66
graphs/main/nodes_12/depth_3/553.gml,0.7333333333323419,[2.35619678 2.24246702],21
graphs/main/nodes_12/depth_3/554.gml,0.7273225048682046,[-1.68268167 -2.79068759],33
graphs/main/nodes_12/depth_3/555.gml,0.7681988177247746,[1.35349147 2.25855979],30
graphs/main/nodes_12/depth_3/556.gml,0.7583149675285638,[ 1.31704272 -0.36169799],42
graphs/main/nodes_12/depth_3/557.gml,0.8239995709161098,[2.96985031 1.84234955],63
graphs/main/nodes_12/depth_3/558.gml,0.7444915963732622,[-1.37771901  1.92652268],39
graphs/main/nodes_12/depth_3/559.gml,0.7902348247229193,[-1.78450473 -2.00988192],24
graphs/main/nodes_12/depth_3/560.gml,0.7734611293364835,[-1.79959345 -2.03402795],39
graphs/main/nodes_12/depth_3/561.gml,0.8400503383462493,[-2.96806319 -1.85191315],45
graphs/main/nodes_12/depth_3/562.gml,0.8272459327870109,[ 1.39701159 -1.26483941],33
graphs/main/nodes_12/depth_3/563.gml,0.7447330901854451,[-1.0247259  -2.15408289],36
graphs/main/nodes_12/depth_3/564.gml,0.7244325522547935,[-1.74744896 -0.99549932],30
graphs/main/nodes_12/depth_3/565.gml,0.7588670740467437,[1.70372372 1.14638911],57
graphs/main/nodes_12/depth_3/566.gml,0.7599999999999807,[ 0.78539855 -1.28981363],24
graphs/main/nodes_12/depth_3/567.gml,0.7887895245154057,[-1.7773953  -2.74628625],30
graphs/main/nodes_12/depth_3/568.gml,0.7297963962305604,[-1.80910645 -2.763253  ],24
graphs/main/nodes_12/depth_3/569.gml,0.7716762974943061,[ 1.76990375 -2.26869597],42
graphs/main/nodes_12/depth_3/570.gml,0.8459939972901876,[ 0.1585817  -0.26231112],48
graphs/main/nodes_12/depth_3/571.gml,0.7999999999999993,[-0.785398    1.66609057],18
graphs/main/nodes_12/depth_3/572.gml,0.6666666666651457,[-0.78540702  2.39998745],18
graphs/main/nodes_12/depth_3/573.gml,0.7594233756554256,[ 1.38602267 -1.21552448],33
graphs/main/nodes_12/depth_3/574.gml,0.7905751053041644,[1.77931247 2.02589844],36
graphs/main/nodes_12/depth_3/575.gml,0.8079157783016809,[-1.40465461  2.83997479],39
graphs/main/nodes_12/depth_3/576.gml,0.7398541036289793,[ 1.35057302 -0.75156895],78
graphs/main/nodes_12/depth_3/577.gml,0.795435488335659,[ 1.39107133 -0.3327797 ],42
graphs/main/nodes_12/depth_3/578.gml,0.7832746847634792,[ 1.3684357  -0.77923935],54
graphs/main/nodes_12/depth_3/579.gml,0.7747057834934926,[-1.3755846  1.9757595],33
graphs/main/nodes_12/depth_3/580.gml,0.7735739958036827,[-1.78141897 -1.94923793],27
graphs/main/nodes_12/depth_3/581.gml,0.7508796321612172,[-0.83597293  2.39569801],39
graphs/main/nodes_12/depth_3/582.gml,0.6874999999993395,[-0.78540595  1.64487996],30
graphs/main/nodes_12/depth_3/583.gml,0.7917889905476343,[ 1.39415678 -0.36363922],36
graphs/main/nodes_12/depth_3/584.gml,0.7679448218420861,[1.74103902 1.23339271],27
graphs/main/nodes_12/depth_3/585.gml,0.6964074086550187,[-1.77927269  2.50951756],39
graphs/main/nodes_12/depth_3/586.gml,0.7385925066329694,[-1.76203748 -1.92893951],30
graphs/main/nodes_12/depth_3/587.gml,0.774561925579724,[-1.77917964 -0.86418688],33
graphs/main/nodes_12/depth_3/588.gml,0.8427381945380605,[-1.75993474 -0.35298826],42
graphs/main/nodes_12/depth_3/589.gml,0.8198164443583873,[ 1.37912735 -1.98366037],39
graphs/main/nodes_12/depth_3/590.gml,0.7209101352606829,[1.77764653 0.9664129 ],30
graphs/main/nodes_12/depth_3/591.gml,0.7068965511738449,[2.35804472 2.30162666],42
graphs/main/nodes_12/depth_3/592.gml,0.7741935483870951,[-0.78539811  2.40020264],18
graphs/main/nodes_12/depth_3/593.gml,0.7321428571424153,[-0.78540085  1.92961362],30
graphs/main/nodes_12/depth_3/594.gml,0.822970217220141,[-1.76530094 -1.2425252 ],27
graphs/main/nodes_12/depth_3/595.gml,0.8161155407852503,[-1.38908539 -2.76433951],54
graphs/main/nodes_12/depth_3/596.gml,0.8550820545714428,[-1.73891779 -2.83311621],27
graphs/main/nodes_12/depth_3/597.gml,0.707935241859783,[ 1.16733113 -1.94128145],42
graphs/main/nodes_12/depth_3/598.gml,0.7663748229707362,[1.77330029 0.59376294],42
graphs/main/nodes_12/depth_3/599.gml,0.7634732144821098,[ 1.37938521 -1.97684753],48
graphs/main/nodes_12/depth_3/600.gml,0.778378027781748,[ 1.7349788  -1.24281472],54
graphs/main/nodes_12/depth_3/601.gml,0.7986881430020742,[ 1.34923407 -2.41842602],42
graphs/main/nodes_12/depth_3/602.gml,0.7749549493291685,[-1.41888781 -2.84861808],27
graphs/main/nodes_12/depth_3/603.gml,0.8342128134793395,[-2.97689395  2.86893453],63
graphs/main/nodes_12/depth_3/604.gml,0.8445438452645088,[-0.1671299   1.84412242],45
graphs/main/nodes_12/depth_3/605.gml,0.7227755645073485,[-1.38975396 -2.6431985 ],51
graphs/main/nodes_12/depth_3/606.gml,0.7550011114311498,[ 1.81701077 -0.46736095],36
graphs/main/nodes_12/depth_3/607.gml,0.7591191645930117,[ 1.37323195 -1.95726584],45
graphs/main/nodes_12/depth_3/608.gml,0.8304807568914705,[ 2.95375862 -2.84582386],57
graphs/main/nodes_12/depth_3/609.gml,0.7510621522908224,[1.7889258  0.40371123],30
graphs/main/nodes_12/depth_3/610.gml,0.7681072911771007,[ 0.88536827 -0.78647601],45
graphs/main/nodes_12/depth_3/611.gml,0.7818281096850567,[ 1.38058097 -0.38301927],39
graphs/main/nodes_12/depth_3/612.gml,0.8229204831454252,[-1.78200329 -2.38862188],39
graphs/main/nodes_12/depth_3/613.gml,0.7907213833174515,[ 1.36393459 -0.43399209],45
graphs/main/nodes_12/depth_3/614.gml,0.7473859335208302,[1.36669576 1.95720632],30
graphs/main/nodes_12/depth_3/615.gml,0.7762474883580692,[1.345151   2.33705623],36
graphs/main/nodes_12/depth_3/616.gml,0.7938555194714293,[ 0.17643294 -0.28343424],102
graphs/main/nodes_12/depth_3/617.gml,0.6833333333332967,[-0.78539896 -1.85412358],27
graphs/main/nodes_12/depth_3/618.gml,0.760658007921356,[ 1.77698067 -0.69272011],42
graphs/main/nodes_12/depth_3/619.gml,0.7951323909321069,[-1.74914512 -1.23723347],39
graphs/main/nodes_12/depth_3/620.gml,0.7776495366003197,[-1.75037865 -1.96945558],54
graphs/main/nodes_12/depth_3/621.gml,0.7499999995263895,[2.35767673 2.32524137],39
graphs/main/nodes_12/depth_3/622.gml,0.7413793103448266,[-2.35619454 -1.99579773],27
graphs/main/nodes_12/depth_3/623.gml,0.8662343363627905,[-2.96210533  1.28548608],60
graphs/main/nodes_12/depth_3/624.gml,0.877046963587384,[-2.96127362  1.28866999],72
graphs/main/nodes_12/depth_3/625.gml,0.7880609798428934,[-1.74300762 -1.22790547],60
graphs/main/nodes_12/depth_3/626.gml,0.7280189175325548,[1.41974668 2.08035607],30
graphs/main/nodes_12/depth_3/627.gml,0.8155285907248735,[ 1.39469837 -1.18771255],30
graphs/main/nodes_12/depth_3/628.gml,0.8396293525747054,[-0.18842465 -2.84839243],153
graphs/main/nodes_12/depth_3/629.gml,0.7187102297786521,[1.80196674 2.36729766],72
graphs/main/nodes_12/depth_3/630.gml,0.6854317969359732,[ 1.07671947 -0.74754752],30
graphs/main/nodes_12/depth_3/631.gml,0.7166666666653309,[-2.35621687 -1.4701801 ],21
graphs/main/nodes_12/depth_3/632.gml,0.786981339617957,[1.74963188 0.36266202],30
graphs/main/nodes_12/depth_3/633.gml,0.8164830851513089,[1.41233173 1.92926953],21
graphs/main/nodes_12/depth_3/634.gml,0.8097477371420156,[1.75063969 0.32636433],33
graphs/main/nodes_12/depth_3/635.gml,0.7321121705546014,[1.77694629 2.22177309],45
graphs/main/nodes_12/depth_3/636.gml,0.7805578608673863,[1.78693479 2.33542187],36
graphs/main/nodes_12/depth_3/637.gml,0.7447844684082434,[-1.34754422  2.4285895 ],39
graphs/main/nodes_12/depth_3/638.gml,0.7089062254438082,[ 1.99862054 -1.16560353],24
graphs/main/nodes_12/depth_3/639.gml,0.8194369976363822,[2.97737071 0.26381174],75
graphs/main/nodes_12/depth_3/640.gml,0.7962597295727335,[ 1.38477995 -0.37642119],141
graphs/main/nodes_12/depth_3/641.gml,0.8084057141128738,[ 1.46638214 -1.23747062],33
graphs/main/nodes_12/depth_3/642.gml,0.6964285714284398,[-0.78539983 -2.04277234],21
graphs/main/nodes_12/depth_3/643.gml,0.7579722523378183,[ 1.37187447 -0.58182903],81
graphs/main/nodes_12/depth_3/644.gml,0.7407407407394502,[-2.35618896 -1.99838964],18
graphs/main/nodes_12/depth_3/645.gml,0.7291666663864236,[-0.78614794  1.94366199],42
graphs/main/nodes_12/depth_3/646.gml,0.858195474735321,[-0.17038194  0.27801883],39
graphs/main/nodes_12/depth_3/647.gml,0.7532343225014111,[1.36883201 2.2483884 ],30
graphs/main/nodes_12/depth_3/648.gml,0.7037037037036171,[ 0.78539909 -1.28948035],27
graphs/main/nodes_12/depth_3/649.gml,0.7859341392043941,[-1.37206761  1.95082015],36
graphs/main/nodes_12/depth_3/650.gml,0.720807779916881,[1.96028419 2.0192425 ],33
graphs/main/nodes_12/depth_3/651.gml,0.775588215284095,[ 1.37520558 -0.39586966],66
graphs/main/nodes_12/depth_3/652.gml,0.7977247650981358,[-2.94356844 -1.88424146],42
graphs/main/nodes_12/depth_3/653.gml,0.7304594144917792,[-1.78322629 -1.94750888],33
graphs/main/nodes_12/depth_3/654.gml,0.8145358306416288,[1.73084515 0.31323819],39
graphs/main/nodes_12/depth_3/655.gml,0.7338779333543602,[-1.37967207  2.76737886],111
graphs/main/nodes_12/depth_3/656.gml,0.8062032807521257,[-1.72570328 -2.83240327],27
graphs/main/nodes_12/depth_3/657.gml,0.7173913043477442,[2.35619375 0.92608303],36
graphs/main/nodes_12/depth_3/658.gml,0.7724028123743152,[1.76956184 0.88623039],33
graphs/main/nodes_12/depth_3/659.gml,0.7427301858816335,[1.3516658  2.46810564],36
graphs/main/nodes_12/depth_3/660.gml,0.7510186249062748,[1.7644627  1.89885294],30
graphs/main/nodes_12/depth_3/661.gml,0.8375953760974351,[-1.3722006  0.415388 ],90
graphs/main/nodes_12/depth_3/662.gml,0.7489884435230589,[1.78235678 1.18132064],27
graphs/main/nodes_12/depth_3/663.gml,0.8492345985775004,[2.95830635 0.29149832],48
graphs/main/nodes_12/depth_3/664.gml,0.7917309111384939,[-1.37587079  1.9087408 ],39
graphs/main/nodes_12/depth_3/665.gml,0.8326811175936834,[-2.96376481  1.28696318],30
graphs/main/nodes_12/depth_3/666.gml,0.7790721428648932,[ 1.330452  -1.1547205],24
graphs/main/nodes_12/depth_3/667.gml,0.7592592592592445,[ 0.78539762 -1.30399983],30
graphs/main/nodes_12/depth_3/668.gml,0.7866529597606494,[-1.36928191 -0.83142769],36
graphs/main/nodes_12/depth_3/669.gml,0.7194489637127771,[-1.36612091 -2.45560514],33
graphs/main/nodes_12/depth_3/670.gml,0.7656278319825248,[1.78035607 0.6912233 ],48
graphs/main/nodes_12/depth_3/671.gml,0.7730354486685534,[-1.7399321  -2.83123599],27
graphs/main/nodes_12/depth_3/672.gml,0.7849789647836553,[1.36685884 2.5181629 ],45
graphs/main/nodes_12/depth_3/673.gml,0.7341475068008081,[-1.11874015  2.52791081],39
graphs/main/nodes_12/depth_3/674.gml,0.7587259497673458,[-1.32650995  2.30439204],45
graphs/main/nodes_12/depth_3/675.gml,0.7842530022903905,[ 1.37941531 -0.38438894],93
graphs/main/nodes_12/depth_3/676.gml,0.7230235712969502,[2.15506911 1.02338165],42
graphs/main/nodes_12/depth_3/677.gml,0.7407407407407399,[2.35619452 2.84110425],24
graphs/main/nodes_12/depth_3/678.gml,0.7514750908163847,[0.19345948 2.83093496],48
graphs/main/nodes_12/depth_3/679.gml,0.7737371747279593,[-1.76382422 -2.81434148],27
graphs/main/nodes_12/depth_3/680.gml,0.7700825045800193,[ 1.35830443 -1.92759012],39
graphs/main/nodes_12/depth_3/681.gml,0.692307692307691,[2.35619393 3.12702095],21
graphs/main/nodes_12/depth_3/682.gml,0.7541952345793306,[-1.38921557 -0.34844985],144
graphs/main/nodes_12/depth_3/683.gml,0.8141778005229725,[-1.79035516 -0.42535525],57
graphs/main/nodes_12/depth_3/684.gml,0.749265102801246,[-1.80086502 -2.45483884],27
graphs/main/nodes_12/depth_3/685.gml,0.7497119196966109,[-1.33520271  2.43112023],42
graphs/main/nodes_12/depth_3/686.gml,0.7911468133883658,[-1.33011659  2.308807  ],51
graphs/main/nodes_12/depth_3/687.gml,0.7190874645645038,[-1.97034681 -0.39633224],84
graphs/main/nodes_12/depth_3/688.gml,0.8675126887076008,[-2.99709874  1.32586098],42
graphs/main/nodes_12/depth_3/689.gml,0.8124014914085488,[-1.77849616 -1.15309775],45
graphs/main/nodes_12/depth_3/690.gml,0.7147278552078323,[-1.76884241 -1.89715011],42
graphs/main/nodes_12/depth_3/691.gml,0.8558711568191407,[-2.97149608 -0.27423853],87
graphs/main/nodes_12/depth_3/692.gml,0.7176589905914119,[1.77938353 0.83886225],78
graphs/main/nodes_12/depth_3/693.gml,0.7614017722883764,[ 1.37970945 -0.67570412],42
graphs/main/nodes_12/depth_3/694.gml,0.7871695461529226,[ 1.7740306  -0.40602766],33
graphs/main/nodes_12/depth_3/695.gml,0.8327731217877704,[-2.97723228  2.87085534],48
graphs/main/nodes_12/depth_3/696.gml,0.7338065726832267,[1.7347228  0.29621521],24
graphs/main/nodes_12/depth_3/697.gml,0.7543511443906591,[-1.76856311 -2.50607978],42
graphs/main/nodes_12/depth_3/698.gml,0.6489729923712929,[-1.83402772 -2.46100986],30
graphs/main/nodes_12/depth_3/699.gml,0.7432173150620252,[1.78991134 2.1656319 ],39
graphs/main/nodes_12/depth_3/700.gml,0.8184675822517204,[-1.74404845 -1.20419058],93
graphs/main/nodes_12/depth_3/701.gml,0.7214288895344522,[ 1.74175243 -0.55227983],81
graphs/main/nodes_12/depth_3/702.gml,0.7757679324052974,[1.35375859 1.97705325],27
graphs/main/nodes_12/depth_3/703.gml,0.6975605879782604,[-1.34590971 -2.28365857],36
graphs/main/nodes_12/depth_3/704.gml,0.7407370127182927,[-1.1090408   1.72729285],45
graphs/main/nodes_12/depth_3/705.gml,0.7816992872725511,[-1.34855228 -2.4257909 ],51
graphs/main/nodes_12/depth_3/706.gml,0.7694970715055651,[-1.32562906 -2.33952602],30
graphs/main/nodes_12/depth_3/707.gml,0.7790350430711189,[-1.77032533 -1.17577253],66
graphs/main/nodes_12/depth_3/708.gml,0.7330293168606732,[-1.79814041 -0.81308045],45
graphs/main/nodes_12/depth_3/709.gml,0.8421872911092605,[ 1.73469367 -0.28577567],24
graphs/main/nodes_12/depth_3/710.gml,0.749999999999778,[-0.7853952  1.9022077],30
graphs/main/nodes_12/depth_3/711.gml,0.7558036109366061,[ 1.76295629 -0.37003166],30
graphs/main/nodes_12/depth_3/712.gml,0.7770521990163236,[-1.73813217 -2.77710253],27
graphs/main/nodes_12/depth_3/713.gml,0.815500941123251,[-2.9646842  -1.84524333],54
graphs/main/nodes_12/depth_3/714.gml,0.7694030684526736,[ 1.38992333 -1.22493782],33
graphs/main/nodes_12/depth_3/715.gml,0.7675709948294427,[-1.38720048 -1.19083101],36
graphs/main/nodes_12/depth_3/716.gml,0.8240968070775763,[0.18757978 1.26770443],138
graphs/main/nodes_12/depth_3/717.gml,0.7222222219277573,[-2.35485865 -1.9996971 ],30
graphs/main/nodes_12/depth_3/718.gml,0.8118517681326407,[ 2.96149098 -2.85770684],39
graphs/main/nodes_12/depth_3/719.gml,0.7876985907649272,[-1.81101411 -1.12903048],42
graphs/main/nodes_12/depth_3/720.gml,0.7185818503307141,[-1.31460875  1.97618298],36
graphs/main/nodes_12/depth_3/721.gml,0.8350307779327512,[-0.19696845  0.30484084],39
graphs/main/nodes_12/depth_3/722.gml,0.805469496164599,[-1.40503567 -2.14266831],30
graphs/main/nodes_12/depth_3/723.gml,0.8001975286210052,[1.76899678 1.96010002],30
graphs/main/nodes_12/depth_3/724.gml,0.8322379064588666,[-2.96402165 -0.28336412],87
graphs/main/nodes_12/depth_3/725.gml,0.7499999999999611,[-2.35619518 -1.99843678],24
graphs/main/nodes_12/depth_3/726.gml,0.7399999999995545,[-0.7854007   1.93112674],27
graphs/main/nodes_12/depth_3/727.gml,0.7083333333333318,[-2.35619463 -1.46972074],21
graphs/main/nodes_12/depth_3/728.gml,0.8483170199525946,[-1.75919864 -1.93298027],45
graphs/main/nodes_12/depth_3/729.gml,0.8300674092839053,[-1.37611776 -0.42596119],30
graphs/main/nodes_12/depth_3/730.gml,0.7655644312343557,[1.77305178 0.38727697],27
graphs/main/nodes_12/depth_3/731.gml,0.7577253319331763,[1.76171723 1.95352837],39
graphs/main/nodes_12/depth_3/732.gml,0.7413793103447156,[2.35619618 1.99574776],30
graphs/main/nodes_12/depth_3/733.gml,0.8598147832915192,[-2.95554002  1.2797911 ],30
graphs/main/nodes_12/depth_3/734.gml,0.7823152153926471,[-1.73672208 -2.77364285],27
graphs/main/nodes_12/depth_3/735.gml,0.7543269224218383,[1.76335817 1.92441563],27
graphs/main/nodes_12/depth_3/736.gml,0.6943000738619668,[-1.22335955 -0.50875629],45
graphs/main/nodes_12/depth_3/737.gml,0.7977438486105983,[1.76348437 1.90697128],27
graphs/main/nodes_12/depth_3/738.gml,0.6774871863606022,[-1.12683323  1.9785873 ],30
graphs/main/nodes_12/depth_3/739.gml,0.816378374600982,[ 2.9586822 -2.8511718],75
graphs/main/nodes_12/depth_3/740.gml,0.6770981545311963,[ 1.72867982 -0.41881238],45
graphs/main/nodes_12/depth_3/741.gml,0.7269812859153093,[ 1.77773926 -1.24307365],27
graphs/main/nodes_12/depth_3/742.gml,0.7849329245015009,[ 1.37403557 -0.3819639 ],120
graphs/main/nodes_12/depth_3/743.gml,0.7954094107064599,[-1.78075803 -2.01608505],39
graphs/main/nodes_12/depth_3/744.gml,0.869820413995888,[-2.98749958  1.31075028],36
graphs/main/nodes_12/depth_3/745.gml,0.7772577876297854,[1.83505469 0.81014527],48
graphs/main/nodes_12/depth_3/746.gml,0.8090288246921472,[1.76868306 1.12271957],30
graphs/main/nodes_12/depth_3/747.gml,0.8365098147666384,[0.19745067 2.83522249],45
graphs/main/nodes_12/depth_3/748.gml,0.8137841506279219,[1.78376071 0.822722  ],33
graphs/main/nodes_12/depth_3/749.gml,0.8008882476608787,[ 1.41212141 -1.88851115],33
graphs/main/nodes_12/depth_3/750.gml,0.726075665722003,[ 1.81808171 -0.74623167],42
graphs/main/nodes_12/depth_3/751.gml,0.7539749626344482,[-1.81280372 -0.74140142],30
graphs/main/nodes_12/depth_3/752.gml,0.732142857141584,[2.35618947 1.07022006],30
graphs/main/nodes_12/depth_3/753.gml,0.7936671882310152,[-1.3441912  -0.42725264],30
graphs/main/nodes_12/depth_3/754.gml,0.7696167079788603,[1.80153497 0.73734214],33
graphs/main/nodes_12/depth_3/755.gml,0.8168360536690821,[-0.18353606  0.29090439],36
graphs/main/nodes_12/depth_3/756.gml,0.8104011347325596,[-0.17345022 -2.86214829],57
graphs/main/nodes_12/depth_3/757.gml,0.8029189917302755,[-1.38710079  1.94508091],39
graphs/main/nodes_12/depth_3/758.gml,0.8395061025767799,[0.17359696 1.2906244 ],105
graphs/main/nodes_12/depth_3/759.gml,0.7905443410448171,[1.8014157  1.99512056],75
graphs/main/nodes_12/depth_3/760.gml,0.7678571428569628,[2.35619646 2.03953885],48
graphs/main/nodes_12/depth_3/761.gml,0.7343987640794312,[-1.41424054 -2.03907914],36
graphs/main/nodes_12/depth_3/762.gml,0.8000731243979758,[ 1.75794115 -0.39289123],33
graphs/main/nodes_12/depth_3/763.gml,0.7505425504330969,[-1.3494052   2.43680958],39
graphs/main/nodes_12/depth_3/764.gml,0.6916424852558294,[-1.31477616 -2.33744016],51
graphs/main/nodes_12/depth_3/765.gml,0.7848090154622314,[-1.35541221 -2.3167222 ],42
graphs/main/nodes_12/depth_3/766.gml,0.8570598319463624,[-2.93777184  1.25618794],27
graphs/main/nodes_12/depth_3/767.gml,0.8012798765044722,[-1.72787944 -2.79732014],39
graphs/main/nodes_12/depth_3/768.gml,0.8248617309069094,[-2.94603306  1.26682644],30
graphs/main/nodes_12/depth_3/769.gml,0.7413793103447847,[2.35619363 2.79169406],18
graphs/main/nodes_12/depth_3/770.gml,0.8238100779851507,[ 2.95762092 -2.85396358],33
graphs/main/nodes_12/depth_3/771.gml,0.7585733643563063,[1.80279223 0.76265746],30
graphs/main/nodes_12/depth_3/772.gml,0.7178140476726458,[-1.07393081  0.24373219],33
graphs/main/nodes_12/depth_3/773.gml,0.7572045886063498,[1.33689522 2.35087997],42
graphs/main/nodes_12/depth_3/774.gml,0.8201197139842226,[-2.96587755  1.28930191],30
graphs/main/nodes_12/depth_3/775.gml,0.7321428571428508,[-2.35619481 -1.99583609],18
graphs/main/nodes_12/depth_3/776.gml,0.7241379308168945,[2.35703094 2.83290222],27
graphs/main/nodes_12/depth_3/777.gml,0.6896551724136492,[-2.35619315 -1.99790873],18
graphs/main/nodes_12/depth_3/778.gml,0.8086155635713207,[ 0.18237744 -0.29342137],48
graphs/main/nodes_12/depth_3/779.gml,0.7506705737768211,[1.83509258 0.1644655 ],30
graphs/main/nodes_12/depth_3/780.gml,0.7499999999999213,[-2.35619343 -0.86632929],24
graphs/main/nodes_12/depth_3/781.gml,0.8480869927765711,[2.96833857 1.84798251],48
graphs/main/nodes_12/depth_3/782.gml,0.7602147790428043,[-1.75642742 -2.79519834],51
graphs/main/nodes_12/depth_3/783.gml,0.7514545425667183,[ 1.14248912 -2.86057429],33
graphs/main/nodes_12/depth_3/784.gml,0.6896551724137848,[-2.35619491 -1.88342493],21
graphs/main/nodes_12/depth_3/785.gml,0.7842046591103563,[ 1.36909169 -1.98488833],36
graphs/main/nodes_12/depth_3/786.gml,0.7745074165556877,[-1.36532163 -2.03694127],51
graphs/main/nodes_12/depth_3/787.gml,0.7733960311567843,[ 1.75378938 -2.77941712],30
graphs/main/nodes_12/depth_3/788.gml,0.7562836991467732,[1.78451062 2.33245   ],39
graphs/main/nodes_12/depth_3/789.gml,0.7499999999999337,[2.3561917  2.97092417],21
graphs/main/nodes_12/depth_3/790.gml,0.7292679411818049,[1.80604141 0.75305527],30
graphs/main/nodes_12/depth_3/791.gml,0.6914228142304828,[2.05362607 1.9406664 ],27
graphs/main/nodes_12/depth_3/792.gml,0.7254032902638753,[-1.98231827 -0.41385701],57
graphs/main/nodes_12/depth_3/793.gml,0.7505873087385272,[ 1.77523312 -2.77125306],27
graphs/main/nodes_12/depth_3/794.gml,0.7243523714173181,[1.81777995 1.13669882],27
graphs/main/nodes_12/depth_3/795.gml,0.8301188405295459,[-1.39062813 -2.81221597],54
graphs/main/nodes_12/depth_3/796.gml,0.7333333333324928,[-2.35618458 -2.95835393],27
graphs/main/nodes_12/depth_3/797.gml,0.7241379310376187,[ 2.35545013 -0.06875508],39
graphs/main/nodes_12/depth_3/798.gml,0.7388274276599178,[1.79150821 1.97535221],39
graphs/main/nodes_12/depth_3/799.gml,0.7814848897512819,[-1.34422497 -0.71212426],36
graphs/main/nodes_12/depth_3/800.gml,0.7454553052128045,[-1.4212015  -2.53229293],42
graphs/main/nodes_12/depth_3/801.gml,0.679999999999913,[-2.35619313 -1.46858448],21
graphs/main/nodes_12/depth_3/802.gml,0.7307692307692288,[-2.35619437 -1.99784851],18
graphs/main/nodes_12/depth_3/803.gml,0.83136672541802,[-2.96954639  2.85898761],66
graphs/main/nodes_12/depth_3/804.gml,0.7413793103442461,[ 2.35619722 -1.90137847],27
graphs/main/nodes_12/depth_3/805.gml,0.7721086683813378,[-1.75301715 -0.57815859],33
graphs/main/nodes_12/depth_3/806.gml,0.7004179294496213,[2.01534017 1.21719961],27
graphs/main/nodes_12/depth_3/807.gml,0.7389632046477509,[ 1.97522703 -1.04730032],39
graphs/main/nodes_12/depth_3/808.gml,0.8232097446811195,[ 2.92543966 -1.25007964],39
graphs/main/nodes_12/depth_3/809.gml,0.804617982240993,[0.1863928  1.28225026],60
graphs/main/nodes_12/depth_3/810.gml,0.7735679915890505,[-1.3585192 -2.3858793],54
graphs/main/nodes_12/depth_3/811.gml,0.6964285714283387,[-2.35619594 -1.03600996],27
graphs/main/nodes_12/depth_3/812.gml,0.7542126942943077,[1.77618025 1.18585347],30
graphs/main/nodes_12/depth_3/813.gml,0.6785714285714123,[-2.35619387 -1.4671254 ],21
graphs/main/nodes_12/depth_3/814.gml,0.7851891360300904,[-1.80500052 -0.85528153],36
graphs/main/nodes_12/depth_3/815.gml,0.7674079115633209,[1.80507067 0.80160409],30
graphs/main/nodes_12/depth_3/816.gml,0.7980045528071467,[-1.33858486 -0.80996267],30
graphs/main/nodes_12/depth_3/817.gml,0.6863032588554114,[1.76416464 2.27644373],39
graphs/main/nodes_12/depth_3/818.gml,0.8478672040088454,[2.96944015 0.27596295],96
graphs/main/nodes_12/depth_3/819.gml,0.7498939295988053,[-1.73803133 -0.34369552],48
graphs/main/nodes_12/depth_3/820.gml,0.7709552006168384,[-1.38442323 -0.41737227],33
graphs/main/nodes_12/depth_3/821.gml,0.7037037037035155,[-2.35619761 -2.87359406],21
graphs/main/nodes_12/depth_3/822.gml,0.7671111004578615,[-1.80759757 -2.76382393],30
graphs/main/nodes_12/depth_3/823.gml,0.73716558314692,[-1.77921832 -1.19304175],42
graphs/main/nodes_12/depth_3/824.gml,0.7241379305032055,[-2.35278522 -0.88126527],30
graphs/main/nodes_12/depth_3/825.gml,0.7037037037028523,[-2.35620833  0.1236883 ],27
graphs/main/nodes_12/depth_3/826.gml,0.7849319468730351,[-1.36697799 -0.88197409],30
graphs/main/nodes_12/depth_3/827.gml,0.7876364759144264,[ 1.36693288 -2.79124052],27
graphs/main/nodes_12/depth_3/828.gml,0.7829623566395945,[-1.36116443 -0.39889172],27
graphs/main/nodes_12/depth_3/829.gml,0.6607142857142465,[-2.35619402 -2.78957824],27
graphs/main/nodes_12/depth_3/830.gml,0.7800793686105453,[-2.94017053 -0.3066315 ],57
graphs/main/nodes_12/depth_3/831.gml,0.8046581914009383,[-2.94349862  1.26226375],27
graphs/main/nodes_12/depth_3/832.gml,0.7413793103444138,[ 2.35619594 -0.49999742],18
graphs/main/nodes_12/depth_3/833.gml,0.7948601787476568,[-1.75897081 -0.43092629],45
graphs/main/nodes_12/depth_3/834.gml,0.7715922940618627,[-1.78220712 -2.42143062],48
graphs/main/nodes_12/depth_3/835.gml,0.8153225106373752,[-0.18253604  0.28855309],36
graphs/main/nodes_12/depth_3/836.gml,0.7338883324067913,[-1.467992    2.87243116],27
graphs/main/nodes_12/depth_3/837.gml,0.728958544875222,[-1.14654047  0.35950525],69
graphs/main/nodes_12/depth_3/838.gml,0.6666666666655272,[-2.35618946 -1.46676515],21
graphs/main/nodes_12/depth_3/839.gml,0.7754547800208208,[-1.40530831  2.63855722],33
graphs/main/nodes_12/depth_3/840.gml,0.8719585152722757,[-2.97642421  1.30172205],36
graphs/main/nodes_12/depth_3/841.gml,0.8720024765154685,[-2.97679237  1.30254949],33
graphs/main/nodes_12/depth_3/842.gml,0.7724406782527731,[-1.41558655 -0.32310901],30
graphs/main/nodes_12/depth_3/843.gml,0.7525261046322466,[1.7540286  1.93614408],51
graphs/main/nodes_12/depth_3/844.gml,0.7401493714953064,[-1.80957148 -0.80730384],39
graphs/main/nodes_12/depth_3/845.gml,0.7189406109737203,[-1.79283097 -0.6555216 ],60
graphs/main/nodes_12/depth_3/846.gml,0.7485819669938982,[1.77324583 0.64185515],42
graphs/main/nodes_12/depth_3/847.gml,0.7668598408241505,[-1.3583646   2.74348415],27
graphs/main/nodes_12/depth_3/848.gml,0.8493113079235979,[ 2.9797538  -1.30296013],60
graphs/main/nodes_12/depth_3/849.gml,0.7646858737550003,[ 1.37524809 -0.64225688],36
graphs/main/nodes_12/depth_3/850.gml,0.8288291555560426,[ 2.9554003  -2.84849056],36
graphs/main/nodes_12/depth_3/851.gml,0.7993973451094225,[-0.17597838  0.27947263],45
graphs/main/nodes_12/depth_3/852.gml,0.7928504658104399,[-2.9656366   1.28835352],30
graphs/main/nodes_12/depth_3/853.gml,0.8475737522107322,[-2.95904717  2.85189794],81
graphs/main/nodes_12/depth_3/854.gml,0.6942950386677113,[-2.25938002 -0.67066528],30
graphs/main/nodes_12/depth_3/855.gml,0.7664616335392578,[-1.7861561  -0.80787106],63
graphs/main/nodes_12/depth_3/856.gml,0.8248961236942011,[-2.96260384  1.28299191],30
graphs/main/nodes_12/depth_3/857.gml,0.725806451612897,[-2.35619407 -1.10135029],15
graphs/main/nodes_12/depth_3/858.gml,0.8463741745248095,[-2.9730759   1.29383732],30
graphs/main/nodes_12/depth_3/859.gml,0.7987471354566349,[-1.78882396 -1.12019839],42
graphs/main/nodes_12/depth_3/860.gml,0.8115103178298585,[ 1.75719121 -1.14802059],42
graphs/main/nodes_12/depth_3/861.gml,0.7814686609925391,[-1.36773086  2.71642194],30
graphs/main/nodes_12/depth_3/862.gml,0.8258118232992367,[ 1.77612992 -2.44474848],30
graphs/main/nodes_12/depth_3/863.gml,0.7484391269242723,[ 1.34530016 -2.67689072],27
graphs/main/nodes_12/depth_3/864.gml,0.8050374952032241,[-0.17991342  0.28751056],36
graphs/main/nodes_12/depth_3/865.gml,0.7144702649200998,[ 1.16617884 -2.82185225],42
graphs/main/nodes_12/depth_3/866.gml,0.7666666666666707,[2.35619445 2.2642077 ],42
graphs/main/nodes_12/depth_3/867.gml,0.8047446493589752,[-1.75525577 -2.7287222 ],51
graphs/main/nodes_12/depth_3/868.gml,0.8176289793608085,[-0.18003601  0.2784918 ],48
graphs/main/nodes_12/depth_3/869.gml,0.7828861328763987,[ 1.75396446 -1.9202529 ],84
graphs/main/nodes_12/depth_3/870.gml,0.8142411410446496,[ 1.34537457 -1.94204096],24
graphs/main/nodes_12/depth_3/871.gml,0.7610480045560623,[-1.97233305  2.67398186],33
graphs/main/nodes_12/depth_3/872.gml,0.7889322754606483,[-2.96510026  1.28174792],30
graphs/main/nodes_12/depth_3/873.gml,0.8480381762169706,[ 2.97722214 -1.30793472],39
graphs/main/nodes_12/depth_3/874.gml,0.8047410856253306,[ 2.94484267 -2.83361775],36
graphs/main/nodes_12/depth_3/875.gml,0.7333333333224007,[-2.3562562 -1.466309 ],21
graphs/main/nodes_12/depth_3/876.gml,0.7388569984191597,[ 1.7514841  -2.45409506],39
graphs/main/nodes_12/depth_3/877.gml,0.7166666666659327,[-0.78538989 -1.4885179 ],24
graphs/main/nodes_12/depth_3/878.gml,0.7864777856682218,[ 1.36620568 -1.15790951],24
graphs/main/nodes_12/depth_3/879.gml,0.8429847188682446,[-2.95199524  1.27136661],30
graphs/main/nodes_12/depth_3/880.gml,0.8561193162970119,[2.95929842 0.28582184],63
graphs/main/nodes_12/depth_3/881.gml,0.7711994492477078,[ 1.34704155 -1.15332755],24
graphs/main/nodes_12/depth_3/882.gml,0.767267339956866,[ 1.80374556 -0.74398711],27
graphs/main/nodes_12/depth_3/883.gml,0.6935483870962489,[2.35619084 0.29373831],27
graphs/main/nodes_12/depth_3/884.gml,0.7655862724426898,[-1.79598063 -0.8165712 ],45
graphs/main/nodes_12/depth_3/885.gml,0.8434559076773416,[ 2.97564059 -1.29925906],39
graphs/main/nodes_12/depth_3/886.gml,0.7408378236392631,[ 0.88412121 -2.69676384],42
graphs/main/nodes_12/depth_3/887.gml,0.7851442127118914,[ 1.38851397 -1.96082701],27
graphs/main/nodes_12/depth_3/888.gml,0.7499999997938254,[ 2.35612419 -0.4351702 ],48
graphs/main/nodes_12/depth_3/889.gml,0.7012018365455753,[-1.64670699 -1.3561083 ],45
graphs/main/nodes_12/depth_3/890.gml,0.8534960209649964,[ 2.96513582 -2.85726103],48
graphs/main/nodes_12/depth_3/891.gml,0.70376886855486,[1.77518382 2.77236894],42
graphs/main/nodes_12/depth_3/892.gml,0.8492182269744624,[ 2.96779898 -2.86420367],54
graphs/main/nodes_12/depth_3/893.gml,0.7653754284957331,[ 1.3761745  -2.20102762],33
graphs/main/nodes_12/depth_3/894.gml,0.8380259261797846,[-0.17193852  0.27770182],39
graphs/main/nodes_12/depth_3/895.gml,0.7730641245898353,[ 1.98590397 -1.15024097],48
graphs/main/nodes_12/depth_3/896.gml,0.7354052491265909,[ 1.99398683 -1.12530693],33
graphs/main/nodes_12/depth_3/897.gml,0.7392891602706959,[-1.76995216 -0.94371036],51
graphs/main/nodes_12/depth_3/898.gml,0.767003409153535,[-1.76748016 -0.39256537],81
graphs/main/nodes_12/depth_3/899.gml,0.7365983628521544,[-1.80102923 -0.74877211],33
graphs/main/nodes_12/depth_3/900.gml,0.708139486717991,[ 1.05203504 -2.6132459 ],30
graphs/main/nodes_12/depth_3/901.gml,0.7417531653292248,[-1.73435585 -0.33159098],27
graphs/main/nodes_12/depth_3/902.gml,0.8540787628015075,[-2.9489837   1.27414228],30
graphs/main/nodes_12/depth_3/903.gml,0.7583986445552756,[-1.76385523 -0.65246241],33
graphs/main/nodes_12/depth_3/904.gml,0.818984730313696,[-2.96731731  1.29226023],30
graphs/main/nodes_12/depth_3/905.gml,0.8316323688816772,[0.1544466  1.31542655],42
graphs/main/nodes_12/depth_3/906.gml,0.723917151363837,[ 1.43595025 -0.49221685],48
graphs/main/nodes_12/depth_3/907.gml,0.7343863921281216,[-1.69380317 -2.83203423],39
graphs/main/nodes_12/depth_3/908.gml,0.7125147172567386,[-1.74886831  2.61725234],30
graphs/main/nodes_12/depth_3/909.gml,0.7823322086621665,[-1.36037231 -0.35934626],27
graphs/main/nodes_12/depth_3/910.gml,0.7310572794992448,[-1.79508455 -0.73401345],30
graphs/main/nodes_12/depth_3/911.gml,0.6780821951357306,[-1.96152666 -0.58247485],45
graphs/main/nodes_12/depth_3/912.gml,0.7512055671560073,[ 1.41387528 -0.49560755],33
graphs/main/nodes_12/depth_3/913.gml,0.8536005167279532,[-2.97389493 -0.27171017],150
graphs/main/nodes_12/depth_3/914.gml,0.7978281298446455,[-1.7466772   2.78059122],27
graphs/main/nodes_12/depth_3/915.gml,0.8393106797496428,[-2.96866288  1.29162501],30
graphs/main/nodes_12/depth_3/916.gml,0.6862482983528412,[-1.33287477 -0.86971827],42
graphs/main/nodes_12/depth_3/917.gml,0.7721551964553026,[-1.4647213   2.75194704],30
graphs/main/nodes_12/depth_3/918.gml,0.7607612452148528,[ 1.71164029 -1.13404472],36
graphs/main/nodes_12/depth_3/919.gml,0.7037037037036988,[-2.35619474 -2.96599439],18
graphs/main/nodes_12/depth_3/920.gml,0.7115070568242103,[ 1.7593167  -2.49512739],33
graphs/main/nodes_12/depth_3/921.gml,0.7321428571428321,[2.35619403 2.58178078],33
graphs/main/nodes_12/depth_3/922.gml,0.7415223586820812,[ 1.73750361 -0.32517261],126
graphs/main/nodes_12/depth_3/923.gml,0.8227962010075268,[ 2.94870172 -2.84186411],48
graphs/main/nodes_12/depth_3/924.gml,0.7708997735294659,[1.80392775 2.4148967 ],27
graphs/main/nodes_12/depth_3/925.gml,0.7599756145839427,[-1.77201536 -1.18253556],45
graphs/main/nodes_12/depth_3/926.gml,0.6740787755443203,[1.26322751 1.4570546 ],21
graphs/main/nodes_12/depth_3/927.gml,0.8434286025281972,[-2.96546136  1.28430433],30
graphs/main/nodes_12/depth_3/928.gml,0.7067400039506991,[-1.90609821  2.76879044],33
graphs/main/nodes_12/depth_3/929.gml,0.7534179254740422,[-1.41242049  2.8215483 ],24
graphs/main/nodes_12/depth_3/930.gml,0.7499999999999952,[-2.35619399 -2.95215522],27
graphs/main/nodes_12/depth_3/931.gml,0.8306127294886569,[ 1.3767964  -2.80638775],33
graphs/main/nodes_12/depth_3/932.gml,0.8370161167842702,[-1.73268164 -1.20731832],57
graphs/main/nodes_12/depth_3/933.gml,0.7834275665937241,[ 1.7723501  -2.32637043],30
graphs/main/nodes_12/depth_3/934.gml,0.724632114734779,[ 1.68475354 -1.27770696],54
graphs/main/nodes_12/depth_3/935.gml,0.7656249999999508,[2.35619382 2.55555508],30
graphs/main/nodes_12/depth_3/936.gml,0.859947821713995,[-0.17124553 -2.86044061],51
graphs/main/nodes_12/depth_3/937.gml,0.7413793103445889,[-2.35618974 -3.00164098],21
graphs/main/nodes_12/depth_3/938.gml,0.7527434171514392,[ 1.38116855 -1.95791056],30
graphs/main/nodes_12/depth_3/939.gml,0.8195154758193531,[0.18289876 1.27671571],39
graphs/main/nodes_12/depth_3/940.gml,0.8298657559571162,[-0.18682798  0.29667058],33
graphs/main/nodes_12/depth_3/941.gml,0.8144205765653929,[-2.95142755  2.85130198],72
graphs/main/nodes_12/depth_3/942.gml,0.8001908078362713,[-1.81338979 -2.04190215],33
graphs/main/nodes_12/depth_3/943.gml,0.8108313242459744,[0.1586503  1.30646143],42
graphs/main/nodes_12/depth_3/944.gml,0.7915918297607968,[ 1.38535423 -1.89836793],27
graphs/main/nodes_12/depth_3/945.gml,0.7852300471694207,[-1.38580299 -1.17636702],45
graphs/main/nodes_12/depth_3/946.gml,0.8515335641978786,[ 2.9563612  -2.84464977],60
graphs/main/nodes_12/depth_3/947.gml,0.8275127044405497,[ 2.95641834 -1.27931003],39
graphs/main/nodes_12/depth_3/948.gml,0.7142857142832721,[-2.35616722 -3.06543867],33
graphs/main/nodes_12/depth_3/949.gml,0.8475132630537379,[0.16031895 1.30621437],42
graphs/main/nodes_12/depth_3/950.gml,0.7949683998850702,[-1.39651936 -1.90846292],51
graphs/main/nodes_12/depth_3/951.gml,0.7071460869005137,[1.95049191 2.09364874],33
graphs/main/nodes_12/depth_3/952.gml,0.7701669206405589,[ 1.79324544 -0.83230506],30
graphs/main/nodes_12/depth_3/953.gml,0.7082316111679637,[-1.80496691 -0.80242226],33
graphs/main/nodes_12/depth_3/954.gml,0.8204624108917797,[-2.9476883  -0.29827323],102
graphs/main/nodes_12/depth_3/955.gml,0.7583417219653955,[1.79067061 2.42028037],24
graphs/main/nodes_12/depth_3/956.gml,0.8472759898457736,[-2.96959066  1.29586484],30
graphs/main/nodes_12/depth_3/957.gml,0.8072979850995209,[ 1.38537437 -2.80430996],99
graphs/main/nodes_12/depth_3/958.gml,0.7294972778328104,[-1.75696543  2.75929755],33
graphs/main/nodes_12/depth_3/959.gml,0.7427221584567005,[ 1.44587105 -1.18826299],27
graphs/main/nodes_12/depth_3/960.gml,0.8068018361541851,[-1.78190569 -2.74602853],99
graphs/main/nodes_12/depth_3/961.gml,0.7333333332938454,[0.79202981 1.56925071],36
graphs/main/nodes_12/depth_3/962.gml,0.7462436758884715,[-1.82149786 -0.82333758],30
graphs/main/nodes_12/depth_3/963.gml,0.7893174574971208,[ 1.36174748 -2.31246898],27
graphs/main/nodes_12/depth_3/964.gml,0.7354639732940818,[ 1.74644606 -0.86138848],30
graphs/main/nodes_12/depth_3/965.gml,0.792728094005564,[-1.77590781 -2.02243643],39
graphs/main/nodes_12/depth_3/966.gml,0.7041374458511274,[-1.45390282  2.79731831],27
graphs/main/nodes_12/depth_3/967.gml,0.8336704171746544,[0.15575139 1.31279408],42
graphs/main/nodes_12/depth_3/968.gml,0.7675824639460558,[ 1.40766041 -2.67646655],36
graphs/main/nodes_12/depth_3/969.gml,0.7616909122936251,[1.74164537 2.81102389],57
graphs/main/nodes_12/depth_3/970.gml,0.7068965514652142,[-2.35848793 -3.03286796],36
graphs/main/nodes_12/depth_3/971.gml,0.8446203026504975,[-0.1675491  -2.86750234],42
graphs/main/nodes_12/depth_3/972.gml,0.7058920328759674,[1.80426809 1.9857255 ],24
graphs/main/nodes_12/depth_3/973.gml,0.7365584068424295,[-1.80304302 -0.73187202],30
graphs/main/nodes_12/depth_3/974.gml,0.7333333330768593,[-2.35978812  0.05813447],42
graphs/main/nodes_12/depth_3/975.gml,0.8371304099533898,[ 2.96984416 -2.86532722],105
graphs/main/nodes_12/depth_3/976.gml,0.7618614723874455,[-1.36761971  2.76295068],27
graphs/main/nodes_12/depth_3/977.gml,0.745104487592134,[1.34228098 2.25091411],36
graphs/main/nodes_12/depth_3/978.gml,0.8207783868501506,[0.17014012 1.28954808],39
graphs/main/nodes_12/depth_3/979.gml,0.8060037373525871,[ 1.38242119 -1.89166684],27
graphs/main/nodes_12/depth_3/980.gml,0.8324504360927932,[-1.74052595 -1.21930542],45
graphs/main/nodes_12/depth_3/981.gml,0.8593891735429958,[ 2.96987822 -1.29102384],42
graphs/main/nodes_12/depth_3/982.gml,0.7004325733804583,[-1.37689028  2.41336847],36
graphs/main/nodes_12/depth_3/983.gml,0.687654882562804,[ 1.42742266 -1.16954363],27
graphs/main/nodes_12/depth_3/984.gml,0.7129610407249775,[-1.41359556 -0.48552551],42
graphs/main/nodes_12/depth_3/985.gml,0.8462291678484489,[2.97384475 0.27568374],69
graphs/main/nodes_12/depth_3/986.gml,0.730642960155881,[ 1.15822339 -0.41647869],39
graphs/main/nodes_12/depth_3/987.gml,0.7028982946230619,[1.89240433 2.18990831],30
graphs/main/nodes_12/depth_3/988.gml,0.7583561364012587,[ 1.37089505 -1.1439769 ],27
graphs/main/nodes_12/depth_3/989.gml,0.7620087653401115,[ 2.21195618 -0.74581053],42
graphs/main/nodes_12/depth_3/990.gml,0.7206568804600282,[-1.35421271  2.38779183],39
graphs/main/nodes_12/depth_3/991.gml,0.7119214817575639,[-1.34881043 -0.84433307],42
graphs/main/nodes_12/depth_3/992.gml,0.806181241366242,[ 1.36463074 -0.80181792],30
graphs/main/nodes_12/depth_3/993.gml,0.7630959112486609,[ 1.37715553 -2.75076186],57
graphs/main/nodes_12/depth_3/994.gml,0.7326011278033374,[-1.34349773  2.73372777],30
graphs/main/nodes_12/depth_3/995.gml,0.8513273080907867,[ 2.97869198 -1.29951033],39
graphs/main/nodes_12/depth_3/996.gml,0.7895185284084266,[ 1.38398319 -2.76470918],57
graphs/main/nodes_12/depth_3/997.gml,0.8294797138896834,[-0.19810624  0.312198  ],84
graphs/main/nodes_12/depth_3/998.gml,0.7936779674978508,[-1.74461961  2.51258748],27
graphs/main/nodes_12/depth_3/999.gml,0.7945484002125315,[ 1.87114053 -2.27305202],24
